Workbook

Sheet Sheet1
A1: 唯一ID | B1: 副本类型 | C1: 战力限制 | D1: 等级限制 | E1: 章节 | F1: 闯关层数 | G1: 刷怪配置 | H1: 挑战时间 | I1: 结算奖励 | J1: 产出预览 | K1: 展示怪形象 | L1: 章节奖励 | M1: 星级奖励 | N1: 地图ID | O1: 章节标记
A2: int32 | B2: int32 | C2: int32 | D2: int32 | E2: int32 | F2: int32 | G2: json | H2: int32 | I2: json | J2: json | K2: int32 | L2: json | M2: json | N2: int32 | O2: int32
A3: UID | B3: Copytype | C3: Powerlimit | D3: Levellimit | E3: Chapter | F3: Layers | G3: Monster | H3: Timelimit | I3: Settlement | J3: Preview | K3: MonsterShow | L3: ChapterAward | M3: StarAward | N3: MapID | O3: MapMark
A4: =B4*100000+E4*1000+F4 -> 1401001 | B4: 14 | C4: 0 | D4: 1 | E4: 1 | F4: 1 | G4: [{"id":1,"num":2,"point":{"x":24,"y":37}}, {"id":2001, "num":2,"point":{"x":15,"y":35}}, {"id":1, "num":2,"point":{"x":33,"y":33}}] | H4: 90 | I4: =VLOOKUP(A4,战役结算奖励!$A$1:$O$301,15,0) -> [{"id":14,"num":12},{"id":2,"num":20000},{"id":1,"num":20000}] | J4: [14,2,1] | K4: 61 | N4: 1
A5: =B5*100000+E5*1000+F5 -> 1401002 | B5: 14 | C5: 0 | D5: 1 | E5: 1 | F5: 2 | G5: [{"id":1,"num":3,"point":{"x":24,"y":37}}, {"id":2001, "num":2,"point":{"x":15,"y":35}}, {"id":1, "num":2,"point":{"x":33,"y":33}}] | H5: 90 | I5: =VLOOKUP(A5,战役结算奖励!$A$1:$O$301,15,0) -> [{"id":14,"num":12},{"id":2,"num":20000},{"id":1,"num":20000}] | J5: [14,2,1] | K5: 61 | N5: 1
A6: =B6*100000+E6*1000+F6 -> 1401003 | B6: 14 | C6: 0 | D6: 1 | E6: 1 | F6: 3 | G6: [{"id":1,"num":3,"point":{"x":16,"y":38}}, {"id":2001, "num":3,"point":{"x":35,"y":35}}, {"id":1, "num":3,"point":{"x":23,"y":12}}] | H6: 90 | I6: =VLOOKUP(A6,战役结算奖励!$A$1:$O$301,15,0) -> [{"id":14,"num":12},{"id":2,"num":20000},{"id":1,"num":20000}] | J6: [14,2,1] | K6: 61 | N6: 1
A7: =B7*100000+E7*1000+F7 -> 1401004 | B7: 14 | C7: 0 | D7: 1 | E7: 1 | F7: 4 | G7: [{"id":1,"num":4,"point":{"x":16,"y":38}}, {"id":2001, "num":3,"point":{"x":35,"y":35}}, {"id":1, "num":3,"point":{"x":23,"y":12}}] | H7: 90 | I7: =VLOOKUP(A7,战役结算奖励!$A$1:$O$301,15,0) -> [{"id":14,"num":12},{"id":2,"num":20000},{"id":1,"num":20000}] | J7: [14,2,1] | K7: 61 | N7: 1
A8: =B8*100000+E8*1000+F8 -> 1401005 | B8: 14 | C8: 0 | D8: 1 | E8: 1 | F8: 5 | G8: [{"id":1,"num":4,"point":{"x":16,"y":20}}, {"id":2001, "num":4,"point":{"x":25,"y":37}}, {"id":1, "num":4,"point":{"x":33,"y":16}}] | H8: 90 | I8: =VLOOKUP(A8,战役结算奖励!$A$1:$O$301,15,0) -> [{"id":14,"num":12},{"id":2,"num":20000},{"id":1,"num":20000}] | J8: [14,2,1] | K8: 61 | N8: 1
A9: =B9*100000+E9*1000+F9 -> 1401006 | B9: 14 | C9: 0 | D9: 1 | E9: 1 | F9: 6 | G9: [{"id":1,"num":5,"point":{"x":16,"y":20}}, {"id":2001, "num":4,"point":{"x":25,"y":37}}, {"id":1, "num":4,"point":{"x":33,"y":16}}] | H9: 90 | I9: =VLOOKUP(A9,战役结算奖励!$A$1:$O$301,15,0) -> [{"id":14,"num":12},{"id":2,"num":20000},{"id":1,"num":20000}] | J9: [14,2,1] | K9: 61 | N9: 1
A10: =B10*100000+E10*1000+F10 -> 1401007 | B10: 14 | C10: 0 | D10: 1 | E10: 1 | F10: 7 | G10: [{"id":1,"num":5,"point":{"x":25,"y":35}}, {"id":2001, "num":5,"point":{"x":33,"y":33}}, {"id":1, "num":5,"point":{"x":20,"y":18}}] | H10: 90 | I10: =VLOOKUP(A10,战役结算奖励!$A$1:$O$301,15,0) -> [{"id":14,"num":12},{"id":2,"num":20000},{"id":1,"num":20000}] | J10: [14,2,1] | K10: 61 | N10: 1
A11: =B11*100000+E11*1000+F11 -> 1401008 | B11: 14 | C11: 0 | D11: 1 | E11: 1 | F11: 8 | G11: [{"id":1,"num":6,"point":{"x":25,"y":35}}, {"id":2001, "num":5,"point":{"x":33,"y":33}}, {"id":1, "num":5,"point":{"x":20,"y":18}}] | H11: 90 | I11: =VLOOKUP(A11,战役结算奖励!$A$1:$O$301,15,0) -> [{"id":14,"num":12},{"id":2,"num":20000},{"id":1,"num":20000}] | J11: [14,2,1] | K11: 61 | N11: 1
A12: =B12*100000+E12*1000+F12 -> 1401009 | B12: 14 | C12: 0 | D12: 1 | E12: 1 | F12: 9 | G12: [{"id":1,"num":6,"point":{"x":15,"y":35}}, {"id":2001, "num":6,"point":{"x":26,"y":39}}, {"id":1, "num":5,"point":{"x":36,"y":37}}] | H12: 90 | I12: =VLOOKUP(A12,战役结算奖励!$A$1:$O$301,15,0) -> [{"id":14,"num":12},{"id":2,"num":20000},{"id":1,"num":20000}] | J12: [14,2,1] | K12: 61 | N12: 1
A13: =B13*100000+E13*1000+F13 -> 1401010 | B13: 14 | C13: 0 | D13: 1 | E13: 1 | F13: 10 | G13: [{"id":1,"num":6,"point":{"x":15,"y":35}}, {"id":2001, "num":6,"point":{"x":26,"y":39}}, {"id":1, "num":5,"point":{"x":36,"y":37}}, {"id":31, "num":1,"point":{"x":25,"y":42}}] | H13: 90 | I13: =VLOOKUP(A13,战役结算奖励!$A$1:$O$301,15,0) -> [{"id":14,"num":12},{"id":2,"num":20000},{"id":1,"num":20000}] | J13: [14,2,1] | K13: 61 | N13: 1
A14: =B14*100000+E14*1000+F14 -> 1401011 | B14: 14 | C14: 0 | D14: 1 | E14: 1 | F14: 11 | G14: [{"id":2,"num":2,"point":{"x":24,"y":37}}, {"id":2002, "num":2,"point":{"x":15,"y":35}}, {"id":2, "num":2,"point":{"x":33,"y":33}}] | H14: 90 | I14: =VLOOKUP(A14,战役结算奖励!$A$1:$O$301,15,0) -> [{"id":14,"num":12},{"id":2,"num":20000},{"id":1,"num":20000}] | J14: [14,2,1] | K14: 61 | N14: 1
A15: =B15*100000+E15*1000+F15 -> 1401012 | B15: 14 | C15: 0 | D15: 1 | E15: 1 | F15: 12 | G15: [{"id":2,"num":3,"point":{"x":24,"y":37}}, {"id":2002, "num":2,"point":{"x":15,"y":35}}, {"id":2, "num":2,"point":{"x":33,"y":33}}] | H15: 90 | I15: =VLOOKUP(A15,战役结算奖励!$A$1:$O$301,15,0) -> [{"id":14,"num":12},{"id":2,"num":20000},{"id":1,"num":20000}] | J15: [14,2,1] | K15: 61 | N15: 1
... A42: =B42*100000+E42*1000+F42 -> 1401039 | B42: 14 | C42: 0 | D42: 1 | E42: 1 | F42: 39 | G42: [{"id":4,"num":6,"point":{"x":15,"y":35}}, {"id":2004, "num":6,"point":{"x":26,"y":39}}, {"id":4, "num":5,"point":{"x":36,"y":37}}] | H42: 90 | I42: =VLOOKUP(A42,战役结算奖励!$A$1:$O$301,15,0) -> [{"id":14,"num":16},{"id":2,"num":20000},{"id":1,"num":20000}] | J42: [14,2,1] | K42: 61 | N42: 1
A43: =B43*100000+E43*1000+F43 -> 1401040 | B43: 14 | C43: 0 | D43: 1 | E43: 1 | F43: 40 | G43: [{"id":4,"num":6,"point":{"x":15,"y":35}}, {"id":2004, "num":6,"point":{"x":26,"y":39}}, {"id":4, "num":5,"point":{"x":36,"y":37}}, {"id":34, "num":1,"point":{"x":25,"y":42}}] | H43: 90 | I43: =VLOOKUP(A43,战役结算奖励!$A$1:$O$301,15,0) -> [{"id":14,"num":16},{"id":2,"num":20000},{"id":1,"num":20000}] | J43: [14,2,1] | K43: 61 | L43: [{"id":5,"num":3000},{"id":14,"num":100},{"id":99,"num":10}] | N43: 1 | O43: 1
A44: =B44*100000+E44*1000+F44 -> 1402001 | B44: 14 | C44: 0 | D44: 1 | E44: 2 | F44: 1 | G44: [{"id":5,"num":2,"point":{"x":24,"y":37}}, {"id":2005, "num":2,"point":{"x":15,"y":35}}, {"id":5, "num":2,"point":{"x":33,"y":33}}] | H44: 90 | I44: =VLOOKUP(A44,战役结算奖励!$A$1:$O$301,15,0) -> [{"id":14,"num":16},{"id":2,"num":20000},{"id":1,"num":20000}] | J44: [14,2,1] | K44: 62 | N44: 2
A45: =B45*100000+E45*1000+F45 -> 1402002 | B45: 14 | C45: 0 | D45: 1 | E45: 2 | F45: 2 | G45: [{"id":5,"num":3,"point":{"x":24,"y":37}}, {"id":2005, "num":2,"point":{"x":15,"y":35}}, {"id":5, "num":2,"point":{"x":33,"y":33}}] | H45: 90 | I45: =VLOOKUP(A45,战役结算奖励!$A$1:$O$301,15,0) -> [{"id":14,"num":16},{"id":2,"num":20000},{"id":1,"num":20000}] | J45: [14,2,1] | K45: 62 | N45: 2
A46: =B46*100000+E46*1000+F46 -> 1402003 | B46: 14 | C46: 0 | D46: 1 | E46: 2 | F46: 3 | G46: [{"id":5,"num":3,"point":{"x":16,"y":38}}, {"id":2005, "num":3,"point":{"x":35,"y":35}}, {"id":5, "num":3,"point":{"x":23,"y":12}}] | H46: 90 | I46: =VLOOKUP(A46,战役结算奖励!$A$1:$O$301,15,0) -> [{"id":14,"num":16},{"id":2,"num":20000},{"id":1,"num":20000}] | J46: [14,2,1] | K46: 62 | N46: 2
A47: =B47*100000+E47*1000+F47 -> 1402004 | B47: 14 | C47: 0 | D47: 1 | E47: 2 | F47: 4 | G47: [{"id":5,"num":4,"point":{"x":16,"y":38}}, {"id":2005, "num":3,"point":{"x":35,"y":35}}, {"id":5, "num":3,"point":{"x":23,"y":12}}] | H47: 90 | I47: =VLOOKUP(A47,战役结算奖励!$A$1:$O$301,15,0) -> [{"id":14,"num":16},{"id":2,"num":20000},{"id":1,"num":20000}] | J47: [14,2,1] | K47: 62 | N47: 2
A48: =B48*100000+E48*1000+F48 -> 1402005 | B48: 14 | C48: 0 | D48: 1 | E48: 2 | F48: 5 | G48: [{"id":5,"num":4,"point":{"x":16,"y":20}}, {"id":2005, "num":4,"point":{"x":25,"y":37}}, {"id":5, "num":4,"point":{"x":33,"y":16}}] | H48: 90 | I48: =VLOOKUP(A48,战役结算奖励!$A$1:$O$301,15,0) -> [{"id":14,"num":16},{"id":2,"num":20000},{"id":1,"num":20000}] | J48: [14,2,1] | K48: 62 | N48: 2
A49: =B49*100000+E49*1000+F49 -> 1402006 | B49: 14 | C49: 0 | D49: 1 | E49: 2 | F49: 6 | G49: [{"id":5,"num":5,"point":{"x":16,"y":20}}, {"id":2005, "num":4,"point":{"x":25,"y":37}}, {"id":5, "num":4,"point":{"x":33,"y":16}}] | H49: 90 | I49: =VLOOKUP(A49,战役结算奖励!$A$1:$O$301,15,0) -> [{"id":14,"num":16},{"id":2,"num":20000},{"id":1,"num":20000}] | J49: [14,2,1] | K49: 62 | N49: 2
A50: =B50*100000+E50*1000+F50 -> 1402007 | B50: 14 | C50: 0 | D50: 1 | E50: 2 | F50: 7 | G50: [{"id":5,"num":5,"point":{"x":25,"y":35}}, {"id":2005, "num":5,"point":{"x":33,"y":33}}, {"id":5, "num":5,"point":{"x":20,"y":18}}] | H50: 90 | I50: =VLOOKUP(A50,战役结算奖励!$A$1:$O$301,15,0) -> [{"id":14,"num":16},{"id":2,"num":20000},{"id":1,"num":20000}] | J50: [14,2,1] | K50: 62 | N50: 2
A51: =B51*100000+E51*1000+F51 -> 1402008 | B51: 14 | C51: 0 | D51: 1 | E51: 2 | F51: 8 | G51: [{"id":5,"num":6,"point":{"x":25,"y":35}}, {"id":2005, "num":5,"point":{"x":33,"y":33}}, {"id":5, "num":5,"point":{"x":20,"y":18}}] | H51: 90 | I51: =VLOOKUP(A51,战役结算奖励!$A$1:$O$301,15,0) -> [{"id":14,"num":16},{"id":2,"num":20000},{"id":1,"num":20000}] | J51: [14,2,1] | K51: 62 | N51: 2
A52: =B52*100000+E52*1000+F52 -> 1402009 | B52: 14 | C52: 0 | D52: 1 | E52: 2 | F52: 9 | G52: [{"id":5,"num":6,"point":{"x":15,"y":35}}, {"id":2005, "num":6,"point":{"x":26,"y":39}}, {"id":5, "num":5,"point":{"x":36,"y":37}}] | H52: 90 | I52: =VLOOKUP(A52,战役结算奖励!$A$1:$O$301,15,0) -> [{"id":14,"num":16},{"id":2,"num":20000},{"id":1,"num":20000}] | J52: [14,2,1] | K52: 62 | N52: 2
A53: =B53*100000+E53*1000+F53 -> 1402010 | B53: 14 | C53: 0 | D53: 1 | E53: 2 | F53: 10 | G53: [{"id":5,"num":6,"point":{"x":15,"y":35}}, {"id":2005, "num":6,"point":{"x":26,"y":39}}, {"id":5, "num":5,"point":{"x":36,"y":37}}, {"id":35, "num":1,"point":{"x":25,"y":42}}] | H53: 90 | I53: =VLOOKUP(A53,战役结算奖励!$A$1:$O$301,15,0) -> [{"id":14,"num":16},{"id":2,"num":20000},{"id":1,"num":20000}] | J53: [14,2,1] | K53: 62 | N53: 2
A54: =B54*100000+E54*1000+F54 -> 1402011 | B54: 14 | C54: 0 | D54: 1 | E54: 2 | F54: 11 | G54: [{"id":6,"num":2,"point":{"x":24,"y":37}}, {"id":2006, "num":2,"point":{"x":15,"y":35}}, {"id":6, "num":2,"point":{"x":33,"y":33}}] | H54: 90 | I54: =VLOOKUP(A54,战役结算奖励!$A$1:$O$301,15,0) -> [{"id":14,"num":16},{"id":2,"num":20000},{"id":1,"num":20000}] | J54: [14,2,1] | K54: 62 | N54: 2
A55: =B55*100000+E55*1000+F55 -> 1402012 | B55: 14 | C55: 0 | D55: 1 | E55: 2 | F55: 12 | G55: [{"id":6,"num":3,"point":{"x":24,"y":37}}, {"id":2006, "num":2,"point":{"x":15,"y":35}}, {"id":6, "num":2,"point":{"x":33,"y":33}}] | H55: 90 | I55: =VLOOKUP(A55,战役结算奖励!$A$1:$O$301,15,0) -> [{"id":14,"num":16},{"id":2,"num":20000},{"id":1,"num":20000}] | J55: [14,2,1] | K55: 62 | N55: 2
... A82: =B82*100000+E82*1000+F82 -> 1402039 | B82: 14 | C82: 0 | D82: 1 | E82: 2 | F82: 39 | G82: [{"id":8,"num":6,"point":{"x":15,"y":35}}, {"id":8, "num":6,"point":{"x":26,"y":39}}, {"id":8, "num":5,"point":{"x":36,"y":37}}] | H82: 90 | I82: =VLOOKUP(A82,战役结算奖励!$A$1:$O$301,15,0) -> [{"id":14,"num":20},{"id":2,"num":220000},{"id":1,"num":220000}] | J82: [14,2,1] | K82: 62 | N82: 2
A83: =B83*100000+E83*1000+F83 -> 1402040 | B83: 14 | C83: 0 | D83: 1 | E83: 2 | F83: 40 | G83: [{"id":8,"num":6,"point":{"x":15,"y":35}}, {"id":8, "num":6,"point":{"x":26,"y":39}}, {"id":8, "num":5,"point":{"x":36,"y":37}}, {"id":38, "num":1,"point":{"x":25,"y":42}}] | H83: 90 | I83: =VLOOKUP(A83,战役结算奖励!$A$1:$O$301,15,0) -> [{"id":14,"num":20},{"id":2,"num":220000},{"id":1,"num":220000}] | J83: [14,2,1] | K83: 62 | L83: [{"id":5,"num":3500},{"id":14,"num":200},{"id":99,"num":10}] | N83: 2 | O83: 1
A84: =B84*100000+E84*1000+F84 -> 1403001 | B84: 14 | C84: 0 | D84: 1 | E84: =E44+1 -> 3 | F84: =F44 -> 1 | G84: [{"id":9,"num":2,"point":{"x":24,"y":37}}, {"id":9, "num":2,"point":{"x":15,"y":35}}, {"id":9, "num":2,"point":{"x":33,"y":33}}] | H84: 90 | I84: =VLOOKUP(A84,战役结算奖励!$A$1:$O$301,15,0) -> [{"id":14,"num":20},{"id":2,"num":230000},{"id":1,"num":230000}] | J84: [14,2,1] | K84: 63 | N84: 3
A85: =B85*100000+E85*1000+F85 -> 1403002 | B85: 14 | C85: 0 | D85: 1 | E85: =E45+1 -> 3 | F85: =F45 -> 2 | G85: [{"id":9,"num":3,"point":{"x":24,"y":37}}, {"id":9, "num":2,"point":{"x":15,"y":35}}, {"id":9, "num":2,"point":{"x":33,"y":33}}] | H85: 90 | I85: =VLOOKUP(A85,战役结算奖励!$A$1:$O$301,15,0) -> [{"id":14,"num":20},{"id":2,"num":230000},{"id":1,"num":230000}] | J85: [14,2,1] | K85: 63 | N85: 3
A86: =B86*100000+E86*1000+F86 -> 1403003 | B86: 14 | C86: 0 | D86: 1 | E86: =E46+1 -> 3 | F86: =F46 -> 3 | G86: [{"id":9,"num":3,"point":{"x":16,"y":38}}, {"id":9, "num":3,"point":{"x":35,"y":35}}, {"id":9, "num":3,"point":{"x":23,"y":12}}] | H86: 90 | I86: =VLOOKUP(A86,战役结算奖励!$A$1:$O$301,15,0) -> [{"id":14,"num":20},{"id":2,"num":230000},{"id":1,"num":230000}] | J86: [14,2,1] | K86: 63 | N86: 3
A87: =B87*100000+E87*1000+F87 -> 1403004 | B87: 14 | C87: 0 | D87: 1 | E87: =E47+1 -> 3 | F87: =F47 -> 4 | G87: [{"id":9,"num":4,"point":{"x":16,"y":38}}, {"id":9, "num":3,"point":{"x":35,"y":35}}, {"id":9, "num":3,"point":{"x":23,"y":12}}] | H87: 90 | I87: =VLOOKUP(A87,战役结算奖励!$A$1:$O$301,15,0) -> [{"id":14,"num":20},{"id":2,"num":230000},{"id":1,"num":230000}] | J87: [14,2,1] | K87: 63 | N87: 3
A88: =B88*100000+E88*1000+F88 -> 1403005 | B88: 14 | C88: 0 | D88: 1 | E88: =E48+1 -> 3 | F88: =F48 -> 5 | G88: [{"id":9,"num":4,"point":{"x":16,"y":20}}, {"id":9, "num":4,"point":{"x":25,"y":37}}, {"id":9, "num":4,"point":{"x":33,"y":16}}] | H88: 90 | I88: =VLOOKUP(A88,战役结算奖励!$A$1:$O$301,15,0) -> [{"id":14,"num":20},{"id":2,"num":230000},{"id":1,"num":230000}] | J88: [14,2,1] | K88: 63 | N88: 3
A89: =B89*100000+E89*1000+F89 -> 1403006 | B89: 14 | C89: 0 | D89: 1 | E89: =E49+1 -> 3 | F89: =F49 -> 6 | G89: [{"id":9,"num":5,"point":{"x":16,"y":20}}, {"id":9, "num":4,"point":{"x":25,"y":37}}, {"id":9, "num":4,"point":{"x":33,"y":16}}] | H89: 90 | I89: =VLOOKUP(A89,战役结算奖励!$A$1:$O$301,15,0) -> [{"id":14,"num":20},{"id":2,"num":230000},{"id":1,"num":230000}] | J89: [14,2,1] | K89: 63 | N89: 3
A90: =B90*100000+E90*1000+F90 -> 1403007 | B90: 14 | C90: 0 | D90: 1 | E90: =E50+1 -> 3 | F90: =F50 -> 7 | G90: [{"id":9,"num":5,"point":{"x":25,"y":35}}, {"id":9, "num":5,"point":{"x":33,"y":33}}, {"id":9, "num":5,"point":{"x":20,"y":18}}] | H90: 90 | I90: =VLOOKUP(A90,战役结算奖励!$A$1:$O$301,15,0) -> [{"id":14,"num":20},{"id":2,"num":230000},{"id":1,"num":230000}] | J90: [14,2,1] | K90: 63 | N90: 3
A91: =B91*100000+E91*1000+F91 -> 1403008 | B91: 14 | C91: 0 | D91: 1 | E91: =E51+1 -> 3 | F91: =F51 -> 8 | G91: [{"id":9,"num":6,"point":{"x":25,"y":35}}, {"id":9, "num":5,"point":{"x":33,"y":33}}, {"id":9, "num":5,"point":{"x":20,"y":18}}] | H91: 90 | I91: =VLOOKUP(A91,战役结算奖励!$A$1:$O$301,15,0) -> [{"id":14,"num":20},{"id":2,"num":230000},{"id":1,"num":230000}] | J91: [14,2,1] | K91: 63 | N91: 3
A92: =B92*100000+E92*1000+F92 -> 1403009 | B92: 14 | C92: 0 | D92: 1 | E92: =E52+1 -> 3 | F92: =F52 -> 9 | G92: [{"id":9,"num":6,"point":{"x":15,"y":35}}, {"id":9, "num":6,"point":{"x":26,"y":39}}, {"id":9, "num":5,"point":{"x":36,"y":37}}] | H92: 90 | I92: =VLOOKUP(A92,战役结算奖励!$A$1:$O$301,15,0) -> [{"id":14,"num":20},{"id":2,"num":230000},{"id":1,"num":230000}] | J92: [14,2,1] | K92: 63 | N92: 3
A93: =B93*100000+E93*1000+F93 -> 1403010 | B93: 14 | C93: 0 | D93: 1 | E93: =E53+1 -> 3 | F93: =F53 -> 10 | G93: [{"id":9,"num":6,"point":{"x":15,"y":35}}, {"id":9, "num":6,"point":{"x":26,"y":39}}, {"id":9, "num":5,"point":{"x":36,"y":37}}, {"id":39, "num":1,"point":{"x":25,"y":42}}] | H93: 90 | I93: =VLOOKUP(A93,战役结算奖励!$A$1:$O$301,15,0) -> [{"id":14,"num":20},{"id":2,"num":230000},{"id":1,"num":230000}] | J93: [14,2,1] | K93: 63 | N93: 3
A94: =B94*100000+E94*1000+F94 -> 1403011 | B94: 14 | C94: 0 | D94: 1 | E94: =E54+1 -> 3 | F94: =F54 -> 11 | G94: [{"id":10,"num":2,"point":{"x":24,"y":37}}, {"id":10, "num":2,"point":{"x":15,"y":35}}, {"id":10, "num":2,"point":{"x":33,"y":33}}] | H94: 90 | I94: =VLOOKUP(A94,战役结算奖励!$A$1:$O$301,15,0) -> [{"id":14,"num":20},{"id":2,"num":230000},{"id":1,"num":230000}] | J94: [14,2,1] | K94: 63 | N94: 3
A95: =B95*100000+E95*1000+F95 -> 1403012 | B95: 14 | C95: 0 | D95: 1 | E95: =E55+1 -> 3 | F95: =F55 -> 12 | G95: [{"id":10,"num":3,"point":{"x":24,"y":37}}, {"id":10, "num":2,"point":{"x":15,"y":35}}, {"id":10, "num":2,"point":{"x":33,"y":33}}] | H95: 90 | I95: =VLOOKUP(A95,战役结算奖励!$A$1:$O$301,15,0) -> [{"id":14,"num":20},{"id":2,"num":230000},{"id":1,"num":230000}] | J95: [14,2,1] | K95: 63 | N95: 3
... A122: =B122*100000+E122*1000+F122 -> 1403039 | B122: 14 | C122: 0 | D122: 1 | E122: =E82+1 -> 3 | F122: =F82 -> 39 | G122: [{"id":12,"num":6,"point":{"x":15,"y":35}}, {"id":12, "num":6,"point":{"x":26,"y":39}}, {"id":12, "num":5,"point":{"x":36,"y":37}}] | H122: 90 | I122: =VLOOKUP(A122,战役结算奖励!$A$1:$O$301,15,0) -> [{"id":14,"num":24},{"id":2,"num":366000},{"id":1,"num":360000}] | J122: [14,2,1] | K122: 63 | N122: 3
A123: =B123*100000+E123*1000+F123 -> 1403040 | B123: 14 | C123: 0 | D123: 1 | E123: =E83+1 -> 3 | F123: =F83 -> 40 | G123: [{"id":12,"num":6,"point":{"x":15,"y":35}}, {"id":12, "num":6,"point":{"x":26,"y":39}}, {"id":12, "num":5,"point":{"x":36,"y":37}}, {"id":42, "num":1,"point":{"x":25,"y":42}}] | H123: 90 | I123: =VLOOKUP(A123,战役结算奖励!$A$1:$O$301,15,0) -> [{"id":14,"num":24},{"id":2,"num":366000},{"id":1,"num":360000}] | J123: [14,2,1] | K123: 63 | L123: [{"id":5,"num":4000},{"id":14,"num":300},{"id":99,"num":15}] | N123: 3 | O123: 1
A124: =B124*100000+E124*1000+F124 -> 1404001 | B124: 14 | C124: 0 | D124: 1 | E124: =E84+1 -> 4 | F124: =F84 -> 1 | G124: [{"id":13,"num":2,"point":{"x":24,"y":37}}, {"id":13, "num":2,"point":{"x":15,"y":35}}, {"id":13, "num":2,"point":{"x":33,"y":33}}] | H124: 90 | I124: =VLOOKUP(A124,战役结算奖励!$A$1:$O$301,15,0) -> [{"id":14,"num":24},{"id":2,"num":622000},{"id":1,"num":620000}] | J124: [14,2,1] | K124: 64 | N124: 4
A125: =B125*100000+E125*1000+F125 -> 1404002 | B125: 14 | C125: 0 | D125: 1 | E125: =E85+1 -> 4 | F125: =F85 -> 2 | G125: [{"id":13,"num":3,"point":{"x":24,"y":37}}, {"id":13, "num":2,"point":{"x":15,"y":35}}, {"id":13, "num":2,"point":{"x":33,"y":33}}] | H125: 90 | I125: =VLOOKUP(A125,战役结算奖励!$A$1:$O$301,15,0) -> [{"id":14,"num":24},{"id":2,"num":622000},{"id":1,"num":620000}] | J125: [14,2,1] | K125: 64 | N125: 4
A126: =B126*100000+E126*1000+F126 -> 1404003 | B126: 14 | C126: 0 | D126: 1 | E126: =E86+1 -> 4 | F126: =F86 -> 3 | G126: [{"id":13,"num":3,"point":{"x":16,"y":38}}, {"id":13, "num":3,"point":{"x":35,"y":35}}, {"id":13, "num":3,"point":{"x":23,"y":12}}] | H126: 90 | I126: =VLOOKUP(A126,战役结算奖励!$A$1:$O$301,15,0) -> [{"id":14,"num":24},{"id":2,"num":622000},{"id":1,"num":620000}] | J126: [14,2,1] | K126: 64 | N126: 4
A127: =B127*100000+E127*1000+F127 -> 1404004 | B127: 14 | C127: 0 | D127: 1 | E127: =E87+1 -> 4 | F127: =F87 -> 4 | G127: [{"id":13,"num":4,"point":{"x":16,"y":38}}, {"id":13, "num":3,"point":{"x":35,"y":35}}, {"id":13, "num":3,"point":{"x":23,"y":12}}] | H127: 90 | I127: =VLOOKUP(A127,战役结算奖励!$A$1:$O$301,15,0) -> [{"id":14,"num":24},{"id":2,"num":622000},{"id":1,"num":620000}] | J127: [14,2,1] | K127: 64 | N127: 4
A128: =B128*100000+E128*1000+F128 -> 1404005 | B128: 14 | C128: 0 | D128: 1 | E128: =E88+1 -> 4 | F128: =F88 -> 5 | G128: [{"id":13,"num":4,"point":{"x":16,"y":20}}, {"id":13, "num":4,"point":{"x":25,"y":37}}, {"id":13, "num":4,"point":{"x":33,"y":16}}] | H128: 90 | I128: =VLOOKUP(A128,战役结算奖励!$A$1:$O$301,15,0) -> [{"id":14,"num":24},{"id":2,"num":622000},{"id":1,"num":620000}] | J128: [14,2,1] | K128: 64 | N128: 4
A129: =B129*100000+E129*1000+F129 -> 1404006 | B129: 14 | C129: 0 | D129: 1 | E129: =E89+1 -> 4 | F129: =F89 -> 6 | G129: [{"id":13,"num":5,"point":{"x":16,"y":20}}, {"id":13, "num":4,"point":{"x":25,"y":37}}, {"id":13, "num":4,"point":{"x":33,"y":16}}] | H129: 90 | I129: =VLOOKUP(A129,战役结算奖励!$A$1:$O$301,15,0) -> [{"id":14,"num":24},{"id":2,"num":622000},{"id":1,"num":620000}] | J129: [14,2,1] | K129: 64 | N129: 4
A130: =B130*100000+E130*1000+F130 -> 1404007 | B130: 14 | C130: 0 | D130: 1 | E130: =E90+1 -> 4 | F130: =F90 -> 7 | G130: [{"id":13,"num":5,"point":{"x":25,"y":35}}, {"id":13, "num":5,"point":{"x":33,"y":33}}, {"id":13, "num":5,"point":{"x":20,"y":18}}] | H130: 90 | I130: =VLOOKUP(A130,战役结算奖励!$A$1:$O$301,15,0) -> [{"id":14,"num":24},{"id":2,"num":622000},{"id":1,"num":620000}] | J130: [14,2,1] | K130: 64 | N130: 4
A131: =B131*100000+E131*1000+F131 -> 1404008 | B131: 14 | C131: 0 | D131: 1 | E131: =E91+1 -> 4 | F131: =F91 -> 8 | G131: [{"id":13,"num":6,"point":{"x":25,"y":35}}, {"id":13, "num":5,"point":{"x":33,"y":33}}, {"id":13, "num":5,"point":{"x":20,"y":18}}] | H131: 90 | I131: =VLOOKUP(A131,战役结算奖励!$A$1:$O$301,15,0) -> [{"id":14,"num":24},{"id":2,"num":622000},{"id":1,"num":620000}] | J131: [14,2,1] | K131: 64 | N131: 4
A132: =B132*100000+E132*1000+F132 -> 1404009 | B132: 14 | C132: 0 | D132: 1 | E132: =E92+1 -> 4 | F132: =F92 -> 9 | G132: [{"id":13,"num":6,"point":{"x":15,"y":35}}, {"id":13, "num":6,"point":{"x":26,"y":39}}, {"id":13, "num":5,"point":{"x":36,"y":37}}] | H132: 90 | I132: =VLOOKUP(A132,战役结算奖励!$A$1:$O$301,15,0) -> [{"id":14,"num":24},{"id":2,"num":622000},{"id":1,"num":620000}] | J132: [14,2,1] | K132: 64 | N132: 4
A133: =B133*100000+E133*1000+F133 -> 1404010 | B133: 14 | C133: 0 | D133: 1 | E133: =E93+1 -> 4 | F133: =F93 -> 10 | G133: [{"id":13,"num":6,"point":{"x":15,"y":35}}, {"id":13, "num":6,"point":{"x":26,"y":39}}, {"id":13, "num":5,"point":{"x":36,"y":37}}, {"id":43, "num":1,"point":{"x":25,"y":42}}] | H133: 90 | I133: =VLOOKUP(A133,战役结算奖励!$A$1:$O$301,15,0) -> [{"id":14,"num":24},{"id":2,"num":622000},{"id":1,"num":620000}] | J133: [14,2,1] | K133: 64 | N133: 4
A134: =B134*100000+E134*1000+F134 -> 1404011 | B134: 14 | C134: 0 | D134: 1 | E134: =E94+1 -> 4 | F134: =F94 -> 11 | G134: [{"id":14,"num":2,"point":{"x":24,"y":37}}, {"id":14, "num":2,"point":{"x":15,"y":35}}, {"id":14, "num":2,"point":{"x":33,"y":33}}] | H134: 90 | I134: =VLOOKUP(A134,战役结算奖励!$A$1:$O$301,15,0) -> [{"id":14,"num":24},{"id":2,"num":622000},{"id":1,"num":620000}] | J134: [14,2,1] | K134: 64 | N134: 4
A135: =B135*100000+E135*1000+F135 -> 1404012 | B135: 14 | C135: 0 | D135: 1 | E135: =E95+1 -> 4 | F135: =F95 -> 12 | G135: [{"id":14,"num":3,"point":{"x":24,"y":37}}, {"id":14, "num":2,"point":{"x":15,"y":35}}, {"id":14, "num":2,"point":{"x":33,"y":33}}] | H135: 90 | I135: =VLOOKUP(A135,战役结算奖励!$A$1:$O$301,15,0) -> [{"id":14,"num":24},{"id":2,"num":622000},{"id":1,"num":620000}] | J135: [14,2,1] | K135: 64 | N135: 4
... A162: =B162*100000+E162*1000+F162 -> 1404039 | B162: 14 | C162: 0 | D162: 1 | E162: =E122+1 -> 4 | F162: =F122 -> 39 | G162: [{"id":16,"num":6,"point":{"x":15,"y":35}}, {"id":16, "num":6,"point":{"x":26,"y":39}}, {"id":16, "num":5,"point":{"x":36,"y":37}}] | H162: 90 | I162: =VLOOKUP(A162,战役结算奖励!$A$1:$O$301,15,0) -> [{"id":14,"num":28},{"id":2,"num":1202000},{"id":1,"num":1200000}] | J162: [14,2,1] | K162: 64 | N162: 4
A163: =B163*100000+E163*1000+F163 -> 1404040 | B163: 14 | C163: 0 | D163: 1 | E163: =E123+1 -> 4 | F163: =F123 -> 40 | G163: [{"id":16,"num":6,"point":{"x":15,"y":35}}, {"id":16, "num":6,"point":{"x":26,"y":39}}, {"id":16, "num":5,"point":{"x":36,"y":37}}, {"id":46, "num":1,"point":{"x":25,"y":42}}] | H163: 90 | I163: =VLOOKUP(A163,战役结算奖励!$A$1:$O$301,15,0) -> [{"id":14,"num":28},{"id":2,"num":1202000},{"id":1,"num":1200000}] | J163: [14,2,1] | K163: 64 | L163: [{"id":5,"num":4500},{"id":14,"num":400},{"id":99,"num":15}] | N163: 4 | O163: 1
A164: =B164*100000+E164*1000+F164 -> 1405001 | B164: 14 | C164: 0 | D164: 1 | E164: =E124+1 -> 5 | F164: =F124 -> 1 | G164: [{"id":17,"num":2,"point":{"x":24,"y":37}}, {"id":17, "num":2,"point":{"x":15,"y":35}}, {"id":17, "num":2,"point":{"x":33,"y":33}}] | H164: 90 | I164: =VLOOKUP(A164,战役结算奖励!$A$1:$O$301,15,0) -> [{"id":14,"num":28},{"id":2,"num":1210000},{"id":1,"num":1210000}] | J164: [14,2,1] | K164: 65 | N164: 5
A165: =B165*100000+E165*1000+F165 -> 1405002 | B165: 14 | C165: 0 | D165: 1 | E165: =E125+1 -> 5 | F165: =F125 -> 2 | G165: [{"id":17,"num":3,"point":{"x":24,"y":37}}, {"id":17, "num":2,"point":{"x":15,"y":35}}, {"id":17, "num":2,"point":{"x":33,"y":33}}] | H165: 90 | I165: =VLOOKUP(A165,战役结算奖励!$A$1:$O$301,15,0) -> [{"id":14,"num":28},{"id":2,"num":1210000},{"id":1,"num":1210000}] | J165: [14,2,1] | K165: 65 | N165: 5
A166: =B166*100000+E166*1000+F166 -> 1405003 | B166: 14 | C166: 0 | D166: 1 | E166: =E126+1 -> 5 | F166: =F126 -> 3 | G166: [{"id":17,"num":3,"point":{"x":16,"y":38}}, {"id":17, "num":3,"point":{"x":35,"y":35}}, {"id":17, "num":3,"point":{"x":23,"y":12}}] | H166: 90 | I166: =VLOOKUP(A166,战役结算奖励!$A$1:$O$301,15,0) -> [{"id":14,"num":28},{"id":2,"num":1210000},{"id":1,"num":1210000}] | J166: [14,2,1] | K166: 65 | N166: 5
A167: =B167*100000+E167*1000+F167 -> 1405004 | B167: 14 | C167: 0 | D167: 1 | E167: =E127+1 -> 5 | F167: =F127 -> 4 | G167: [{"id":17,"num":4,"point":{"x":16,"y":38}}, {"id":17, "num":3,"point":{"x":35,"y":35}}, {"id":17, "num":3,"point":{"x":23,"y":12}}] | H167: 90 | I167: =VLOOKUP(A167,战役结算奖励!$A$1:$O$301,15,0) -> [{"id":14,"num":28},{"id":2,"num":1210000},{"id":1,"num":1210000}] | J167: [14,2,1] | K167: 65 | N167: 5
A168: =B168*100000+E168*1000+F168 -> 1405005 | B168: 14 | C168: 0 | D168: 1 | E168: =E128+1 -> 5 | F168: =F128 -> 5 | G168: [{"id":17,"num":4,"point":{"x":16,"y":20}}, {"id":17, "num":4,"point":{"x":25,"y":37}}, {"id":17, "num":4,"point":{"x":33,"y":16}}] | H168: 90 | I168: =VLOOKUP(A168,战役结算奖励!$A$1:$O$301,15,0) -> [{"id":14,"num":28},{"id":2,"num":1210000},{"id":1,"num":1210000}] | J168: [14,2,1] | K168: 65 | N168: 5
A169: =B169*100000+E169*1000+F169 -> 1405006 | B169: 14 | C169: 0 | D169: 1 | E169: =E129+1 -> 5 | F169: =F129 -> 6 | G169: [{"id":17,"num":5,"point":{"x":16,"y":20}}, {"id":17, "num":4,"point":{"x":25,"y":37}}, {"id":17, "num":4,"point":{"x":33,"y":16}}] | H169: 90 | I169: =VLOOKUP(A169,战役结算奖励!$A$1:$O$301,15,0) -> [{"id":14,"num":28},{"id":2,"num":1210000},{"id":1,"num":1210000}] | J169: [14,2,1] | K169: 65 | N169: 5
A170: =B170*100000+E170*1000+F170 -> 1405007 | B170: 14 | C170: 0 | D170: 1 | E170: =E130+1 -> 5 | F170: =F130 -> 7 | G170: [{"id":17,"num":5,"point":{"x":25,"y":35}}, {"id":17, "num":5,"point":{"x":33,"y":33}}, {"id":17, "num":5,"point":{"x":20,"y":18}}] | H170: 90 | I170: =VLOOKUP(A170,战役结算奖励!$A$1:$O$301,15,0) -> [{"id":14,"num":28},{"id":2,"num":1210000},{"id":1,"num":1210000}] | J170: [14,2,1] | K170: 65 | N170: 5
A171: =B171*100000+E171*1000+F171 -> 1405008 | B171: 14 | C171: 0 | D171: 1 | E171: =E131+1 -> 5 | F171: =F131 -> 8 | G171: [{"id":17,"num":6,"point":{"x":25,"y":35}}, {"id":17, "num":5,"point":{"x":33,"y":33}}, {"id":17, "num":5,"point":{"x":20,"y":18}}] | H171: 90 | I171: =VLOOKUP(A171,战役结算奖励!$A$1:$O$301,15,0) -> [{"id":14,"num":28},{"id":2,"num":1210000},{"id":1,"num":1210000}] | J171: [14,2,1] | K171: 65 | N171: 5
A172: =B172*100000+E172*1000+F172 -> 1405009 | B172: 14 | C172: 0 | D172: 1 | E172: =E132+1 -> 5 | F172: =F132 -> 9 | G172: [{"id":17,"num":6,"point":{"x":15,"y":35}}, {"id":17, "num":6,"point":{"x":26,"y":39}}, {"id":17, "num":5,"point":{"x":36,"y":37}}] | H172: 90 | I172: =VLOOKUP(A172,战役结算奖励!$A$1:$O$301,15,0) -> [{"id":14,"num":28},{"id":2,"num":1210000},{"id":1,"num":1210000}] | J172: [14,2,1] | K172: 65 | N172: 5
A173: =B173*100000+E173*1000+F173 -> 1405010 | B173: 14 | C173: 0 | D173: 1 | E173: =E133+1 -> 5 | F173: =F133 -> 10 | G173: [{"id":17,"num":6,"point":{"x":15,"y":35}}, {"id":17, "num":6,"point":{"x":26,"y":39}}, {"id":17, "num":5,"point":{"x":36,"y":37}}, {"id":47, "num":1,"point":{"x":25,"y":42}}] | H173: 90 | I173: =VLOOKUP(A173,战役结算奖励!$A$1:$O$301,15,0) -> [{"id":14,"num":28},{"id":2,"num":1210000},{"id":1,"num":1210000}] | J173: [14,2,1] | K173: 65 | N173: 5
A174: =B174*100000+E174*1000+F174 -> 1405011 | B174: 14 | C174: 0 | D174: 1 | E174: =E134+1 -> 5 | F174: =F134 -> 11 | G174: [{"id":18,"num":2,"point":{"x":24,"y":37}}, {"id":18, "num":2,"point":{"x":15,"y":35}}, {"id":18, "num":2,"point":{"x":33,"y":33}}] | H174: 90 | I174: =VLOOKUP(A174,战役结算奖励!$A$1:$O$301,15,0) -> [{"id":14,"num":28},{"id":2,"num":1210000},{"id":1,"num":1210000}] | J174: [14,2,1] | K174: 65 | N174: 5
A175: =B175*100000+E175*1000+F175 -> 1405012 | B175: 14 | C175: 0 | D175: 1 | E175: =E135+1 -> 5 | F175: =F135 -> 12 | G175: [{"id":18,"num":3,"point":{"x":24,"y":37}}, {"id":18, "num":2,"point":{"x":15,"y":35}}, {"id":18, "num":2,"point":{"x":33,"y":33}}] | H175: 90 | I175: =VLOOKUP(A175,战役结算奖励!$A$1:$O$301,15,0) -> [{"id":14,"num":28},{"id":2,"num":1210000},{"id":1,"num":1210000}] | J175: [14,2,1] | K175: 65 | N175: 5
... A202: =B202*100000+E202*1000+F202 -> 1405039 | B202: 14 | C202: 0 | D202: 1 | E202: =E162+1 -> 5 | F202: =F162 -> 39 | G202: [{"id":20,"num":6,"point":{"x":15,"y":35}}, {"id":20, "num":6,"point":{"x":26,"y":39}}, {"id":20, "num":5,"point":{"x":36,"y":37}}] | H202: 90 | I202: =VLOOKUP(A202,战役结算奖励!$A$1:$O$301,15,0) -> [{"id":14,"num":32},{"id":2,"num":1220000},{"id":1,"num":1220000}] | J202: [14,2,1] | K202: 65 | N202: 5
A203: =B203*100000+E203*1000+F203 -> 1405040 | B203: 14 | C203: 0 | D203: 1 | E203: =E163+1 -> 5 | F203: =F163 -> 40 | G203: [{"id":20,"num":6,"point":{"x":15,"y":35}}, {"id":20, "num":6,"point":{"x":26,"y":39}}, {"id":20, "num":5,"point":{"x":36,"y":37}}, {"id":50, "num":1,"point":{"x":25,"y":42}}] | H203: 90 | I203: =VLOOKUP(A203,战役结算奖励!$A$1:$O$301,15,0) -> [{"id":14,"num":32},{"id":2,"num":1220000},{"id":1,"num":1220000}] | J203: [14,2,1] | K203: 65 | L203: [{"id":5,"num":5000},{"id":14,"num":500},{"id":99,"num":20}] | N203: 5 | O203: 1
A204: =B204*100000+E204*1000+F204 -> 1406001 | B204: 14 | C204: 0 | D204: 1 | E204: =E164+1 -> 6 | F204: =F164 -> 1 | G204: [{"id":21,"num":2,"point":{"x":24,"y":37}}, {"id":21, "num":2,"point":{"x":15,"y":35}}, {"id":21, "num":2,"point":{"x":33,"y":33}}] | H204: 90 | I204: =VLOOKUP(A204,战役结算奖励!$A$1:$O$301,15,0) -> [{"id":14,"num":32},{"id":2,"num":1230000},{"id":1,"num":1230000}] | J204: [14,2,1] | K204: 66 | N204: 6
A205: =B205*100000+E205*1000+F205 -> 1406002 | B205: 14 | C205: 0 | D205: 1 | E205: =E165+1 -> 6 | F205: =F165 -> 2 | G205: [{"id":21,"num":3,"point":{"x":24,"y":37}}, {"id":21, "num":2,"point":{"x":15,"y":35}}, {"id":21, "num":2,"point":{"x":33,"y":33}}] | H205: 90 | I205: =VLOOKUP(A205,战役结算奖励!$A$1:$O$301,15,0) -> [{"id":14,"num":32},{"id":2,"num":1230000},{"id":1,"num":1230000}] | J205: [14,2,1] | K205: 66 | N205: 6
A206: =B206*100000+E206*1000+F206 -> 1406003 | B206: 14 | C206: 0 | D206: 1 | E206: =E166+1 -> 6 | F206: =F166 -> 3 | G206: [{"id":21,"num":3,"point":{"x":16,"y":38}}, {"id":21, "num":3,"point":{"x":35,"y":35}}, {"id":21, "num":3,"point":{"x":23,"y":12}}] | H206: 90 | I206: =VLOOKUP(A206,战役结算奖励!$A$1:$O$301,15,0) -> [{"id":14,"num":32},{"id":2,"num":1230000},{"id":1,"num":1230000}] | J206: [14,2,1] | K206: 66 | N206: 6
A207: =B207*100000+E207*1000+F207 -> 1406004 | B207: 14 | C207: 0 | D207: 1 | E207: =E167+1 -> 6 | F207: =F167 -> 4 | G207: [{"id":21,"num":4,"point":{"x":16,"y":38}}, {"id":21, "num":3,"point":{"x":35,"y":35}}, {"id":21, "num":3,"point":{"x":23,"y":12}}] | H207: 90 | I207: =VLOOKUP(A207,战役结算奖励!$A$1:$O$301,15,0) -> [{"id":14,"num":32},{"id":2,"num":1230000},{"id":1,"num":1230000}] | J207: [14,2,1] | K207: 66 | N207: 6
A208: =B208*100000+E208*1000+F208 -> 1406005 | B208: 14 | C208: 0 | D208: 1 | E208: =E168+1 -> 6 | F208: =F168 -> 5 | G208: [{"id":21,"num":4,"point":{"x":16,"y":20}}, {"id":21, "num":4,"point":{"x":25,"y":37}}, {"id":21, "num":4,"point":{"x":33,"y":16}}] | H208: 90 | I208: =VLOOKUP(A208,战役结算奖励!$A$1:$O$301,15,0) -> [{"id":14,"num":32},{"id":2,"num":1230000},{"id":1,"num":1230000}] | J208: [14,2,1] | K208: 66 | N208: 6
A209: =B209*100000+E209*1000+F209 -> 1406006 | B209: 14 | C209: 0 | D209: 1 | E209: =E169+1 -> 6 | F209: =F169 -> 6 | G209: [{"id":21,"num":5,"point":{"x":16,"y":20}}, {"id":21, "num":4,"point":{"x":25,"y":37}}, {"id":21, "num":4,"point":{"x":33,"y":16}}] | H209: 90 | I209: =VLOOKUP(A209,战役结算奖励!$A$1:$O$301,15,0) -> [{"id":14,"num":32},{"id":2,"num":1230000},{"id":1,"num":1230000}] | J209: [14,2,1] | K209: 66 | N209: 6
A210: =B210*100000+E210*1000+F210 -> 1406007 | B210: 14 | C210: 0 | D210: 1 | E210: =E170+1 -> 6 | F210: =F170 -> 7 | G210: [{"id":21,"num":5,"point":{"x":25,"y":35}}, {"id":21, "num":5,"point":{"x":33,"y":33}}, {"id":21, "num":5,"point":{"x":20,"y":18}}] | H210: 90 | I210: =VLOOKUP(A210,战役结算奖励!$A$1:$O$301,15,0) -> [{"id":14,"num":32},{"id":2,"num":1230000},{"id":1,"num":1230000}] | J210: [14,2,1] | K210: 66 | N210: 6
A211: =B211*100000+E211*1000+F211 -> 1406008 | B211: 14 | C211: 0 | D211: 1 | E211: =E171+1 -> 6 | F211: =F171 -> 8 | G211: [{"id":21,"num":6,"point":{"x":25,"y":35}}, {"id":21, "num":5,"point":{"x":33,"y":33}}, {"id":21, "num":5,"point":{"x":20,"y":18}}] | H211: 90 | I211: =VLOOKUP(A211,战役结算奖励!$A$1:$O$301,15,0) -> [{"id":14,"num":32},{"id":2,"num":1230000},{"id":1,"num":1230000}] | J211: [14,2,1] | K211: 66 | N211: 6
A212: =B212*100000+E212*1000+F212 -> 1406009 | B212: 14 | C212: 0 | D212: 1 | E212: =E172+1 -> 6 | F212: =F172 -> 9 | G212: [{"id":21,"num":6,"point":{"x":15,"y":35}}, {"id":21, "num":6,"point":{"x":26,"y":39}}, {"id":21, "num":5,"point":{"x":36,"y":37}}] | H212: 90 | I212: =VLOOKUP(A212,战役结算奖励!$A$1:$O$301,15,0) -> [{"id":14,"num":32},{"id":2,"num":1230000},{"id":1,"num":1230000}] | J212: [14,2,1] | K212: 66 | N212: 6
A213: =B213*100000+E213*1000+F213 -> 1406010 | B213: 14 | C213: 0 | D213: 1 | E213: =E173+1 -> 6 | F213: =F173 -> 10 | G213: [{"id":21,"num":6,"point":{"x":15,"y":35}}, {"id":21, "num":6,"point":{"x":26,"y":39}}, {"id":21, "num":5,"point":{"x":36,"y":37}}, {"id":51, "num":1,"point":{"x":25,"y":42}}] | H213: 90 | I213: =VLOOKUP(A213,战役结算奖励!$A$1:$O$301,15,0) -> [{"id":14,"num":32},{"id":2,"num":1230000},{"id":1,"num":1230000}] | J213: [14,2,1] | K213: 66 | N213: 6
A214: =B214*100000+E214*1000+F214 -> 1406011 | B214: 14 | C214: 0 | D214: 1 | E214: =E174+1 -> 6 | F214: =F174 -> 11 | G214: [{"id":22,"num":2,"point":{"x":24,"y":37}}, {"id":22, "num":2,"point":{"x":15,"y":35}}, {"id":22, "num":2,"point":{"x":33,"y":33}}] | H214: 90 | I214: =VLOOKUP(A214,战役结算奖励!$A$1:$O$301,15,0) -> [{"id":14,"num":32},{"id":2,"num":1230000},{"id":1,"num":1230000}] | J214: [14,2,1] | K214: 66 | N214: 6
A215: =B215*100000+E215*1000+F215 -> 1406012 | B215: 14 | C215: 0 | D215: 1 | E215: =E175+1 -> 6 | F215: =F175 -> 12 | G215: [{"id":22,"num":3,"point":{"x":24,"y":37}}, {"id":22, "num":2,"point":{"x":15,"y":35}}, {"id":22, "num":2,"point":{"x":33,"y":33}}] | H215: 90 | I215: =VLOOKUP(A215,战役结算奖励!$A$1:$O$301,15,0) -> [{"id":14,"num":32},{"id":2,"num":1230000},{"id":1,"num":1230000}] | J215: [14,2,1] | K215: 66 | N215: 6
... A242: =B242*100000+E242*1000+F242 -> 1406039 | B242: 14 | C242: 0 | D242: 1 | E242: =E202+1 -> 6 | F242: =F202 -> 39 | G242: [{"id":24,"num":6,"point":{"x":15,"y":35}}, {"id":24, "num":6,"point":{"x":26,"y":39}}, {"id":24, "num":5,"point":{"x":36,"y":37}}] | H242: 90 | I242: =VLOOKUP(A242,战役结算奖励!$A$1:$O$301,15,0) -> [{"id":14,"num":36},{"id":2,"num":1264000},{"id":1,"num":1260000}] | J242: [14,2,1] | K242: 66 | N242: 6
A243: =B243*100000+E243*1000+F243 -> 1406040 | B243: 14 | C243: 0 | D243: 1 | E243: =E203+1 -> 6 | F243: =F203 -> 40 | G243: [{"id":24,"num":6,"point":{"x":15,"y":35}}, {"id":24, "num":6,"point":{"x":26,"y":39}}, {"id":24, "num":5,"point":{"x":36,"y":37}}, {"id":54, "num":1,"point":{"x":25,"y":42}}] | H243: 90 | I243: =VLOOKUP(A243,战役结算奖励!$A$1:$O$301,15,0) -> [{"id":14,"num":36},{"id":2,"num":1264000},{"id":1,"num":1260000}] | J243: [14,2,1] | K243: 66 | L243: [{"id":5,"num":5000},{"id":14,"num":600},{"id":99,"num":20}] | N243: 6 | O243: 1
A244: =B244*100000+E244*1000+F244 -> 1407001 | B244: 14 | C244: 0 | D244: 1 | E244: =E204+1 -> 7 | F244: =F204 -> 1 | G244: [{"id":25,"num":2,"point":{"x":24,"y":37}}, {"id":25, "num":2,"point":{"x":15,"y":35}}, {"id":25, "num":2,"point":{"x":33,"y":33}}] | H244: 90 | I244: =VLOOKUP(A244,战役结算奖励!$A$1:$O$301,15,0) -> [{"id":14,"num":36},{"id":2,"num":1424000},{"id":1,"num":1420000}] | J244: [14,2,1] | K244: 67 | N244: 7
A245: =B245*100000+E245*1000+F245 -> 1407002 | B245: 14 | C245: 0 | D245: 1 | E245: =E205+1 -> 7 | F245: =F205 -> 2 | G245: [{"id":25,"num":3,"point":{"x":24,"y":37}}, {"id":25, "num":2,"point":{"x":15,"y":35}}, {"id":25, "num":2,"point":{"x":33,"y":33}}] | H245: 90 | I245: =VLOOKUP(A245,战役结算奖励!$A$1:$O$301,15,0) -> [{"id":14,"num":36},{"id":2,"num":1424000},{"id":1,"num":1420000}] | J245: [14,2,1] | K245: 67 | N245: 7
A246: =B246*100000+E246*1000+F246 -> 1407003 | B246: 14 | C246: 0 | D246: 1 | E246: =E206+1 -> 7 | F246: =F206 -> 3 | G246: [{"id":25,"num":3,"point":{"x":16,"y":38}}, {"id":25, "num":3,"point":{"x":35,"y":35}}, {"id":25, "num":3,"point":{"x":23,"y":12}}] | H246: 90 | I246: =VLOOKUP(A246,战役结算奖励!$A$1:$O$301,15,0) -> [{"id":14,"num":36},{"id":2,"num":1424000},{"id":1,"num":1420000}] | J246: [14,2,1] | K246: 67 | N246: 7
A247: =B247*100000+E247*1000+F247 -> 1407004 | B247: 14 | C247: 0 | D247: 1 | E247: =E207+1 -> 7 | F247: =F207 -> 4 | G247: [{"id":25,"num":4,"point":{"x":16,"y":38}}, {"id":25, "num":3,"point":{"x":35,"y":35}}, {"id":25, "num":3,"point":{"x":23,"y":12}}] | H247: 90 | I247: =VLOOKUP(A247,战役结算奖励!$A$1:$O$301,15,0) -> [{"id":14,"num":36},{"id":2,"num":1424000},{"id":1,"num":1420000}] | J247: [14,2,1] | K247: 67 | N247: 7
A248: =B248*100000+E248*1000+F248 -> 1407005 | B248: 14 | C248: 0 | D248: 1 | E248: =E208+1 -> 7 | F248: =F208 -> 5 | G248: [{"id":25,"num":4,"point":{"x":16,"y":20}}, {"id":25, "num":4,"point":{"x":25,"y":37}}, {"id":25, "num":4,"point":{"x":33,"y":16}}] | H248: 90 | I248: =VLOOKUP(A248,战役结算奖励!$A$1:$O$301,15,0) -> [{"id":14,"num":36},{"id":2,"num":1424000},{"id":1,"num":1420000}] | J248: [14,2,1] | K248: 67 | N248: 7
A249: =B249*100000+E249*1000+F249 -> 1407006 | B249: 14 | C249: 0 | D249: 1 | E249: =E209+1 -> 7 | F249: =F209 -> 6 | G249: [{"id":25,"num":5,"point":{"x":16,"y":20}}, {"id":25, "num":4,"point":{"x":25,"y":37}}, {"id":25, "num":4,"point":{"x":33,"y":16}}] | H249: 90 | I249: =VLOOKUP(A249,战役结算奖励!$A$1:$O$301,15,0) -> [{"id":14,"num":36},{"id":2,"num":1424000},{"id":1,"num":1420000}] | J249: [14,2,1] | K249: 67 | N249: 7
A250: =B250*100000+E250*1000+F250 -> 1407007 | B250: 14 | C250: 0 | D250: 1 | E250: =E210+1 -> 7 | F250: =F210 -> 7 | G250: [{"id":25,"num":5,"point":{"x":25,"y":35}}, {"id":25, "num":5,"point":{"x":33,"y":33}}, {"id":25, "num":5,"point":{"x":20,"y":18}}] | H250: 90 | I250: =VLOOKUP(A250,战役结算奖励!$A$1:$O$301,15,0) -> [{"id":14,"num":36},{"id":2,"num":1424000},{"id":1,"num":1420000}] | J250: [14,2,1] | K250: 67 | N250: 7
A251: =B251*100000+E251*1000+F251 -> 1407008 | B251: 14 | C251: 0 | D251: 1 | E251: =E211+1 -> 7 | F251: =F211 -> 8 | G251: [{"id":25,"num":6,"point":{"x":25,"y":35}}, {"id":25, "num":5,"point":{"x":33,"y":33}}, {"id":25, "num":5,"point":{"x":20,"y":18}}] | H251: 90 | I251: =VLOOKUP(A251,战役结算奖励!$A$1:$O$301,15,0) -> [{"id":14,"num":36},{"id":2,"num":1424000},{"id":1,"num":1420000}] | J251: [14,2,1] | K251: 67 | N251: 7
A252: =B252*100000+E252*1000+F252 -> 1407009 | B252: 14 | C252: 0 | D252: 1 | E252: =E212+1 -> 7 | F252: =F212 -> 9 | G252: [{"id":25,"num":6,"point":{"x":15,"y":35}}, {"id":25, "num":6,"point":{"x":26,"y":39}}, {"id":25, "num":5,"point":{"x":36,"y":37}}] | H252: 90 | I252: =VLOOKUP(A252,战役结算奖励!$A$1:$O$301,15,0) -> [{"id":14,"num":36},{"id":2,"num":1424000},{"id":1,"num":1420000}] | J252: [14,2,1] | K252: 67 | N252: 7
A253: =B253*100000+E253*1000+F253 -> 1407010 | B253: 14 | C253: 0 | D253: 1 | E253: =E213+1 -> 7 | F253: =F213 -> 10 | G253: [{"id":25,"num":6,"point":{"x":15,"y":35}}, {"id":25, "num":6,"point":{"x":26,"y":39}}, {"id":25, "num":5,"point":{"x":36,"y":37}}, {"id":55, "num":1,"point":{"x":25,"y":42}}] | H253: 90 | I253: =VLOOKUP(A253,战役结算奖励!$A$1:$O$301,15,0) -> [{"id":14,"num":36},{"id":2,"num":1424000},{"id":1,"num":1420000}] | J253: [14,2,1] | K253: 67 | N253: 7
A254: =B254*100000+E254*1000+F254 -> 1407011 | B254: 14 | C254: 0 | D254: 1 | E254: =E214+1 -> 7 | F254: =F214 -> 11 | G254: [{"id":26,"num":2,"point":{"x":24,"y":37}}, {"id":26, "num":2,"point":{"x":15,"y":35}}, {"id":26, "num":2,"point":{"x":33,"y":33}}] | H254: 90 | I254: =VLOOKUP(A254,战役结算奖励!$A$1:$O$301,15,0) -> [{"id":14,"num":36},{"id":2,"num":1424000},{"id":1,"num":1420000}] | J254: [14,2,1] | K254: 67 | N254: 7
A255: =B255*100000+E255*1000+F255 -> 1407012 | B255: 14 | C255: 0 | D255: 1 | E255: =E215+1 -> 7 | F255: =F215 -> 12 | G255: [{"id":26,"num":3,"point":{"x":24,"y":37}}, {"id":26, "num":2,"point":{"x":15,"y":35}}, {"id":26, "num":2,"point":{"x":33,"y":33}}] | H255: 90 | I255: =VLOOKUP(A255,战役结算奖励!$A$1:$O$301,15,0) -> [{"id":14,"num":36},{"id":2,"num":1424000},{"id":1,"num":1420000}] | J255: [14,2,1] | K255: 67 | N255: 7
... A282: =B282*100000+E282*1000+F282 -> 1407039 | B282: 14 | C282: 0 | D282: 1 | E282: =E242+1 -> 7 | F282: =F242 -> 39 | G282: [{"id":28,"num":6,"point":{"x":15,"y":35}}, {"id":28, "num":6,"point":{"x":26,"y":39}}, {"id":28, "num":5,"point":{"x":36,"y":37}}] | H282: 90 | I282: =VLOOKUP(A282,战役结算奖励!$A$1:$O$301,15,0) -> [{"id":14,"num":40},{"id":2,"num":1628000},{"id":1,"num":1620000}] | J282: [14,2,1] | K282: 67 | N282: 7
...

Sheet 战役结算奖励
A1: 索引 | C1: 道具ID | E1: 道具数量 | G1: 道具ID | I1: 道具数量 | K1: 道具ID | M1: 道具数量 | O1: 生成
A2: =Sheet1!A4 -> 1401001 | B2: [{"id": | C2: 14 | D2: ,"num": | E2: 12 | F2: },{"id": | G2: 2 | H2: ,"num": | I2: 20000 | J2: },{"id": | K2: 1 | L2: ,"num": | M2: 20000 | N2: }] | O2: =_xlfn.TEXTJOIN(,TRUE,B2:N2) -> [{"id":14,"num":12},{"id":2,"num":20000},{"id":1,"num":20000}] | U2: =INT(E2*0.4) -> 4
A3: =Sheet1!A5 -> 1401002 | B3: [{"id": | C3: 14 | D3: ,"num": | E3: 12 | F3: },{"id": | G3: 2 | H3: ,"num": | I3: 20000 | J3: },{"id": | K3: 1 | L3: ,"num": | M3: 20000 | N3: }] | O3: =_xlfn.TEXTJOIN(,TRUE,B3:N3) -> [{"id":14,"num":12},{"id":2,"num":20000},{"id":1,"num":20000}] | U3: =INT(E3*0.4) -> 4
A4: =Sheet1!A6 -> 1401003 | B4: [{"id": | C4: 14 | D4: ,"num": | E4: 12 | F4: },{"id": | G4: 2 | H4: ,"num": | I4: 20000 | J4: },{"id": | K4: 1 | L4: ,"num": | M4: 20000 | N4: }] | O4: =_xlfn.TEXTJOIN(,TRUE,B4:N4) -> [{"id":14,"num":12},{"id":2,"num":20000},{"id":1,"num":20000}] | U4: =INT(E4*0.4) -> 4
A5: =Sheet1!A7 -> 1401004 | B5: [{"id": | C5: 14 | D5: ,"num": | E5: 12 | F5: },{"id": | G5: 2 | H5: ,"num": | I5: 20000 | J5: },{"id": | K5: 1 | L5: ,"num": | M5: 20000 | N5: }] | O5: =_xlfn.TEXTJOIN(,TRUE,B5:N5) -> [{"id":14,"num":12},{"id":2,"num":20000},{"id":1,"num":20000}] | U5: =INT(E5*0.4) -> 4
A6: =Sheet1!A8 -> 1401005 | B6: [{"id": | C6: 14 | D6: ,"num": | E6: 12 | F6: },{"id": | G6: 2 | H6: ,"num": | I6: 20000 | J6: },{"id": | K6: 1 | L6: ,"num": | M6: 20000 | N6: }] | O6: =_xlfn.TEXTJOIN(,TRUE,B6:N6) -> [{"id":14,"num":12},{"id":2,"num":20000},{"id":1,"num":20000}] | U6: =INT(E6*0.4) -> 4
A7: =Sheet1!A9 -> 1401006 | B7: [{"id": | C7: 14 | D7: ,"num": | E7: 12 | F7: },{"id": | G7: 2 | H7: ,"num": | I7: 20000 | J7: },{"id": | K7: 1 | L7: ,"num": | M7: 20000 | N7: }] | O7: =_xlfn.TEXTJOIN(,TRUE,B7:N7) -> [{"id":14,"num":12},{"id":2,"num":20000},{"id":1,"num":20000}] | U7: =INT(E7*0.4) -> 4
A8: =Sheet1!A10 -> 1401007 | B8: [{"id": | C8: 14 | D8: ,"num": | E8: 12 | F8: },{"id": | G8: 2 | H8: ,"num": | I8: 20000 | J8: },{"id": | K8: 1 | L8: ,"num": | M8: 20000 | N8: }] | O8: =_xlfn.TEXTJOIN(,TRUE,B8:N8) -> [{"id":14,"num":12},{"id":2,"num":20000},{"id":1,"num":20000}] | U8: =INT(E8*0.4) -> 4
A9: =Sheet1!A11 -> 1401008 | B9: [{"id": | C9: 14 | D9: ,"num": | E9: 12 | F9: },{"id": | G9: 2 | H9: ,"num": | I9: 20000 | J9: },{"id": | K9: 1 | L9: ,"num": | M9: 20000 | N9: }] | O9: =_xlfn.TEXTJOIN(,TRUE,B9:N9) -> [{"id":14,"num":12},{"id":2,"num":20000},{"id":1,"num":20000}] | U9: =INT(E9*0.4) -> 4
A10: =Sheet1!A12 -> 1401009 | B10: [{"id": | C10: 14 | D10: ,"num": | E10: 12 | F10: },{"id": | G10: 2 | H10: ,"num": | I10: 20000 | J10: },{"id": | K10: 1 | L10: ,"num": | M10: 20000 | N10: }] | O10: =_xlfn.TEXTJOIN(,TRUE,B10:N10) -> [{"id":14,"num":12},{"id":2,"num":20000},{"id":1,"num":20000}] | U10: =INT(E10*0.4) -> 4
A11: =Sheet1!A13 -> 1401010 | B11: [{"id": | C11: 14 | D11: ,"num": | E11: 12 | F11: },{"id": | G11: 2 | H11: ,"num": | I11: 20000 | J11: },{"id": | K11: 1 | L11: ,"num": | M11: 20000 | N11: }] | O11: =_xlfn.TEXTJOIN(,TRUE,B11:N11) -> [{"id":14,"num":12},{"id":2,"num":20000},{"id":1,"num":20000}] | U11: =INT(E11*0.4) -> 4
A12: =Sheet1!A14 -> 1401011 | B12: [{"id": | C12: 14 | D12: ,"num": | E12: 12 | F12: },{"id": | G12: 2 | H12: ,"num": | I12: 20000 | J12: },{"id": | K12: 1 | L12: ,"num": | M12: 20000 | N12: }] | O12: =_xlfn.TEXTJOIN(,TRUE,B12:N12) -> [{"id":14,"num":12},{"id":2,"num":20000},{"id":1,"num":20000}] | U12: =INT(E12*0.4) -> 4
A13: =Sheet1!A15 -> 1401012 | B13: [{"id": | C13: 14 | D13: ,"num": | E13: 12 | F13: },{"id": | G13: 2 | H13: ,"num": | I13: 20000 | J13: },{"id": | K13: 1 | L13: ,"num": | M13: 20000 | N13: }] | O13: =_xlfn.TEXTJOIN(,TRUE,B13:N13) -> [{"id":14,"num":12},{"id":2,"num":20000},{"id":1,"num":20000}] | U13: =INT(E13*0.4) -> 4
... A161: =Sheet1!A163 -> 1404040 | B161: [{"id": | C161: 14 | D161: ,"num": | E161: 28 | F161: },{"id": | G161: 2 | H161: ,"num": | I161: 1202000 | J161: },{"id": | K161: 1 | L161: ,"num": | M161: 1200000 | N161: }] | O161: =_xlfn.TEXTJOIN(,TRUE,B161:N161) -> [{"id":14,"num":28},{"id":2,"num":1202000},{"id":1,"num":1200000}] | U161: =INT(E161*0.4) -> 11
A162: =Sheet1!A164 -> 1405001 | B162: [{"id": | C162: 14 | D162: ,"num": | E162: 28 | F162: },{"id": | G162: 2 | H162: ,"num": | I162: 1210000 | J162: },{"id": | K162: 1 | L162: ,"num": | M162: =I162 -> 1210000 | N162: }] | O162: =_xlfn.TEXTJOIN(,TRUE,B162:N162) -> [{"id":14,"num":28},{"id":2,"num":1210000},{"id":1,"num":1210000}] | U162: =INT(E162*0.4) -> 11
A163: =Sheet1!A165 -> 1405002 | B163: [{"id": | C163: 14 | D163: ,"num": | E163: 28 | F163: },{"id": | G163: 2 | H163: ,"num": | I163: 1210000 | J163: },{"id": | K163: 1 | L163: ,"num": | M163: =I163 -> 1210000 | N163: }] | O163: =_xlfn.TEXTJOIN(,TRUE,B163:N163) -> [{"id":14,"num":28},{"id":2,"num":1210000},{"id":1,"num":1210000}] | U163: =INT(E163*0.4) -> 11
A164: =Sheet1!A166 -> 1405003 | B164: [{"id": | C164: 14 | D164: ,"num": | E164: 28 | F164: },{"id": | G164: 2 | H164: ,"num": | I164: 1210000 | J164: },{"id": | K164: 1 | L164: ,"num": | M164: =I164 -> 1210000 | N164: }] | O164: =_xlfn.TEXTJOIN(,TRUE,B164:N164) -> [{"id":14,"num":28},{"id":2,"num":1210000},{"id":1,"num":1210000}] | U164: =INT(E164*0.4) -> 11
A165: =Sheet1!A167 -> 1405004 | B165: [{"id": | C165: 14 | D165: ,"num": | E165: 28 | F165: },{"id": | G165: 2 | H165: ,"num": | I165: 1210000 | J165: },{"id": | K165: 1 | L165: ,"num": | M165: =I165 -> 1210000 | N165: }] | O165: =_xlfn.TEXTJOIN(,TRUE,B165:N165) -> [{"id":14,"num":28},{"id":2,"num":1210000},{"id":1,"num":1210000}] | U165: =INT(E165*0.4) -> 11
A166: =Sheet1!A168 -> 1405005 | B166: [{"id": | C166: 14 | D166: ,"num": | E166: 28 | F166: },{"id": | G166: 2 | H166: ,"num": | I166: 1210000 | J166: },{"id": | K166: 1 | L166: ,"num": | M166: =I166 -> 1210000 | N166: }] | O166: =_xlfn.TEXTJOIN(,TRUE,B166:N166) -> [{"id":14,"num":28},{"id":2,"num":1210000},{"id":1,"num":1210000}] | U166: =INT(E166*0.4) -> 11
A167: =Sheet1!A169 -> 1405006 | B167: [{"id": | C167: 14 | D167: ,"num": | E167: 28 | F167: },{"id": | G167: 2 | H167: ,"num": | I167: 1210000 | J167: },{"id": | K167: 1 | L167: ,"num": | M167: =I167 -> 1210000 | N167: }] | O167: =_xlfn.TEXTJOIN(,TRUE,B167:N167) -> [{"id":14,"num":28},{"id":2,"num":1210000},{"id":1,"num":1210000}] | U167: =INT(E167*0.4) -> 11
A168: =Sheet1!A170 -> 1405007 | B168: [{"id": | C168: 14 | D168: ,"num": | E168: 28 | F168: },{"id": | G168: 2 | H168: ,"num": | I168: 1210000 | J168: },{"id": | K168: 1 | L168: ,"num": | M168: =I168 -> 1210000 | N168: }] | O168: =_xlfn.TEXTJOIN(,TRUE,B168:N168) -> [{"id":14,"num":28},{"id":2,"num":1210000},{"id":1,"num":1210000}] | U168: =INT(E168*0.4) -> 11
A169: =Sheet1!A171 -> 1405008 | B169: [{"id": | C169: 14 | D169: ,"num": | E169: 28 | F169: },{"id": | G169: 2 | H169: ,"num": | I169: 1210000 | J169: },{"id": | K169: 1 | L169: ,"num": | M169: =I169 -> 1210000 | N169: }] | O169: =_xlfn.TEXTJOIN(,TRUE,B169:N169) -> [{"id":14,"num":28},{"id":2,"num":1210000},{"id":1,"num":1210000}] | U169: =INT(E169*0.4) -> 11
A170: =Sheet1!A172 -> 1405009 | B170: [{"id": | C170: 14 | D170: ,"num": | E170: 28 | F170: },{"id": | G170: 2 | H170: ,"num": | I170: 1210000 | J170: },{"id": | K170: 1 | L170: ,"num": | M170: =I170 -> 1210000 | N170: }] | O170: =_xlfn.TEXTJOIN(,TRUE,B170:N170) -> [{"id":14,"num":28},{"id":2,"num":1210000},{"id":1,"num":1210000}] | U170: =INT(E170*0.4) -> 11
A171: =Sheet1!A173 -> 1405010 | B171: [{"id": | C171: 14 | D171: ,"num": | E171: 28 | F171: },{"id": | G171: 2 | H171: ,"num": | I171: 1210000 | J171: },{"id": | K171: 1 | L171: ,"num": | M171: =I171 -> 1210000 | N171: }] | O171: =_xlfn.TEXTJOIN(,TRUE,B171:N171) -> [{"id":14,"num":28},{"id":2,"num":1210000},{"id":1,"num":1210000}] | U171: =INT(E171*0.4) -> 11
A172: =Sheet1!A174 -> 1405011 | B172: [{"id": | C172: 14 | D172: ,"num": | E172: 28 | F172: },{"id": | G172: 2 | H172: ,"num": | I172: 1210000 | J172: },{"id": | K172: 1 | L172: ,"num": | M172: =I172 -> 1210000 | N172: }] | O172: =_xlfn.TEXTJOIN(,TRUE,B172:N172) -> [{"id":14,"num":28},{"id":2,"num":1210000},{"id":1,"num":1210000}] | U172: =INT(E172*0.4) -> 11
A173: =Sheet1!A175 -> 1405012 | B173: [{"id": | C173: 14 | D173: ,"num": | E173: 28 | F173: },{"id": | G173: 2 | H173: ,"num": | I173: 1210000 | J173: },{"id": | K173: 1 | L173: ,"num": | M173: =I173 -> 1210000 | N173: }] | O173: =_xlfn.TEXTJOIN(,TRUE,B173:N173) -> [{"id":14,"num":28},{"id":2,"num":1210000},{"id":1,"num":1210000}] | U173: =INT(E173*0.4) -> 11
... A221: =Sheet1!A223 -> 1406020 | B221: [{"id": | C221: 14 | D221: ,"num": | E221: 32 | F221: },{"id": | G221: 2 | H221: ,"num": | I221: 1230000 | J221: },{"id": | K221: 1 | L221: ,"num": | M221: =I221 -> 1230000 | N221: }] | O221: =_xlfn.TEXTJOIN(,TRUE,B221:N221) -> [{"id":14,"num":32},{"id":2,"num":1230000},{"id":1,"num":1230000}] | U221: =INT(E221*0.4) -> 12
A222: =Sheet1!A224 -> 1406021 | B222: [{"id": | C222: 14 | D222: ,"num": | E222: 36 | F222: },{"id": | G222: 2 | H222: ,"num": | I222: 1264000 | J222: },{"id": | K222: 1 | L222: ,"num": | M222: 1260000 | N222: }] | O222: =_xlfn.TEXTJOIN(,TRUE,B222:N222) -> [{"id":14,"num":36},{"id":2,"num":1264000},{"id":1,"num":1260000}] | U222: =INT(E222*0.4) -> 14
A223: =Sheet1!A225 -> 1406022 | B223: [{"id": | C223: 14 | D223: ,"num": | E223: 36 | F223: },{"id": | G223: 2 | H223: ,"num": | I223: 1264000 | J223: },{"id": | K223: 1 | L223: ,"num": | M223: 1260000 | N223: }] | O223: =_xlfn.TEXTJOIN(,TRUE,B223:N223) -> [{"id":14,"num":36},{"id":2,"num":1264000},{"id":1,"num":1260000}] | U223: =INT(E223*0.4) -> 14
A224: =Sheet1!A226 -> 1406023 | B224: [{"id": | C224: 14 | D224: ,"num": | E224: 36 | F224: },{"id": | G224: 2 | H224: ,"num": | I224: 1264000 | J224: },{"id": | K224: 1 | L224: ,"num": | M224: 1260000 | N224: }] | O224: =_xlfn.TEXTJOIN(,TRUE,B224:N224) -> [{"id":14,"num":36},{"id":2,"num":1264000},{"id":1,"num":1260000}] | U224: =INT(E224*0.4) -> 14
A225: =Sheet1!A227 -> 1406024 | B225: [{"id": | C225: 14 | D225: ,"num": | E225: 36 | F225: },{"id": | G225: 2 | H225: ,"num": | I225: 1264000 | J225: },{"id": | K225: 1 | L225: ,"num": | M225: 1260000 | N225: }] | O225: =_xlfn.TEXTJOIN(,TRUE,B225:N225) -> [{"id":14,"num":36},{"id":2,"num":1264000},{"id":1,"num":1260000}] | U225: =INT(E225*0.4) -> 14
A226: =Sheet1!A228 -> 1406025 | B226: [{"id": | C226: 14 | D226: ,"num": | E226: 36 | F226: },{"id": | G226: 2 | H226: ,"num": | I226: 1264000 | J226: },{"id": | K226: 1 | L226: ,"num": | M226: 1260000 | N226: }] | O226: =_xlfn.TEXTJOIN(,TRUE,B226:N226) -> [{"id":14,"num":36},{"id":2,"num":1264000},{"id":1,"num":1260000}] | U226: =INT(E226*0.4) -> 14
A227: =Sheet1!A229 -> 1406026 | B227: [{"id": | C227: 14 | D227: ,"num": | E227: 36 | F227: },{"id": | G227: 2 | H227: ,"num": | I227: 1264000 | J227: },{"id": | K227: 1 | L227: ,"num": | M227: 1260000 | N227: }] | O227: =_xlfn.TEXTJOIN(,TRUE,B227:N227) -> [{"id":14,"num":36},{"id":2,"num":1264000},{"id":1,"num":1260000}] | U227: =INT(E227*0.4) -> 14
A228: =Sheet1!A230 -> 1406027 | B228: [{"id": | C228: 14 | D228: ,"num": | E228: 36 | F228: },{"id": | G228: 2 | H228: ,"num": | I228: 1264000 | J228: },{"id": | K228: 1 | L228: ,"num": | M228: 1260000 | N228: }] | O228: =_xlfn.TEXTJOIN(,TRUE,B228:N228) -> [{"id":14,"num":36},{"id":2,"num":1264000},{"id":1,"num":1260000}] | U228: =INT(E228*0.4) -> 14
A229: =Sheet1!A231 -> 1406028 | B229: [{"id": | C229: 14 | D229: ,"num": | E229: 36 | F229: },{"id": | G229: 2 | H229: ,"num": | I229: 1264000 | J229: },{"id": | K229: 1 | L229: ,"num": | M229: 1260000 | N229: }] | O229: =_xlfn.TEXTJOIN(,TRUE,B229:N229) -> [{"id":14,"num":36},{"id":2,"num":1264000},{"id":1,"num":1260000}] | U229: =INT(E229*0.4) -> 14
A230: =Sheet1!A232 -> 1406029 | B230: [{"id": | C230: 14 | D230: ,"num": | E230: 36 | F230: },{"id": | G230: 2 | H230: ,"num": | I230: 1264000 | J230: },{"id": | K230: 1 | L230: ,"num": | M230: 1260000 | N230: }] | O230: =_xlfn.TEXTJOIN(,TRUE,B230:N230) -> [{"id":14,"num":36},{"id":2,"num":1264000},{"id":1,"num":1260000}] | U230: =INT(E230*0.4) -> 14
A231: =Sheet1!A233 -> 1406030 | B231: [{"id": | C231: 14 | D231: ,"num": | E231: 36 | F231: },{"id": | G231: 2 | H231: ,"num": | I231: 1264000 | J231: },{"id": | K231: 1 | L231: ,"num": | M231: 1260000 | N231: }] | O231: =_xlfn.TEXTJOIN(,TRUE,B231:N231) -> [{"id":14,"num":36},{"id":2,"num":1264000},{"id":1,"num":1260000}] | U231: =INT(E231*0.4) -> 14
A232: =Sheet1!A234 -> 1406031 | B232: [{"id": | C232: 14 | D232: ,"num": | E232: 36 | F232: },{"id": | G232: 2 | H232: ,"num": | I232: 1264000 | J232: },{"id": | K232: 1 | L232: ,"num": | M232: 1260000 | N232: }] | O232: =_xlfn.TEXTJOIN(,TRUE,B232:N232) -> [{"id":14,"num":36},{"id":2,"num":1264000},{"id":1,"num":1260000}] | U232: =INT(E232*0.4) -> 14
A233: =Sheet1!A235 -> 1406032 | B233: [{"id": | C233: 14 | D233: ,"num": | E233: 36 | F233: },{"id": | G233: 2 | H233: ,"num": | I233: 1264000 | J233: },{"id": | K233: 1 | L233: ,"num": | M233: 1260000 | N233: }] | O233: =_xlfn.TEXTJOIN(,TRUE,B233:N233) -> [{"id":14,"num":36},{"id":2,"num":1264000},{"id":1,"num":1260000}] | U233: =INT(E233*0.4) -> 14
... A321: =Sheet1!A323 -> 1408040 | B321: [{"id": | C321: 14 | D321: ,"num": | E321: 40 | F321: },{"id": | G321: 2 | H321: ,"num": | I321: 1878000 | J321: },{"id": | K321: 1 | L321: ,"num": | M321: 1870000 | N321: }] | O321: =_xlfn.TEXTJOIN(,TRUE,B321:N321) -> [{"id":14,"num":40},{"id":2,"num":1878000},{"id":1,"num":1870000}] | U321: =INT(E321*0.4) -> 16
A322: =Sheet1!A324 -> 1409001 | B322: [{"id": | C322: 14 | D322: ,"num": | E322: 45 | F322: },{"id": | G322: 2 | H322: ,"num": | I322: 1900000 | J322: },{"id": | K322: 1 | L322: ,"num": | M322: =I322 -> 1900000 | N322: }] | O322: =_xlfn.TEXTJOIN(,TRUE,B322:N322) -> [{"id":14,"num":45},{"id":2,"num":1900000},{"id":1,"num":1900000}]
A323: =Sheet1!A325 -> 1409002 | B323: [{"id": | C323: 14 | D323: ,"num": | E323: 45 | F323: },{"id": | G323: 2 | H323: ,"num": | I323: 1900000 | J323: },{"id": | K323: 1 | L323: ,"num": | M323: =I323 -> 1900000 | N323: }] | O323: =_xlfn.TEXTJOIN(,TRUE,B323:N323) -> [{"id":14,"num":45},{"id":2,"num":1900000},{"id":1,"num":1900000}]
A324: =Sheet1!A326 -> 1409003 | B324: [{"id": | C324: 14 | D324: ,"num": | E324: 45 | F324: },{"id": | G324: 2 | H324: ,"num": | I324: 1900000 | J324: },{"id": | K324: 1 | L324: ,"num": | M324: =I324 -> 1900000 | N324: }] | O324: =_xlfn.TEXTJOIN(,TRUE,B324:N324) -> [{"id":14,"num":45},{"id":2,"num":1900000},{"id":1,"num":1900000}]
A325: =Sheet1!A327 -> 1409004 | B325: [{"id": | C325: 14 | D325: ,"num": | E325: 45 | F325: },{"id": | G325: 2 | H325: ,"num": | I325: 1900000 | J325: },{"id": | K325: 1 | L325: ,"num": | M325: =I325 -> 1900000 | N325: }] | O325: =_xlfn.TEXTJOIN(,TRUE,B325:N325) -> [{"id":14,"num":45},{"id":2,"num":1900000},{"id":1,"num":1900000}]
A326: =Sheet1!A328 -> 1409005 | B326: [{"id": | C326: 14 | D326: ,"num": | E326: 45 | F326: },{"id": | G326: 2 | H326: ,"num": | I326: 1900000 | J326: },{"id": | K326: 1 | L326: ,"num": | M326: =I326 -> 1900000 | N326: }] | O326: =_xlfn.TEXTJOIN(,TRUE,B326:N326) -> [{"id":14,"num":45},{"id":2,"num":1900000},{"id":1,"num":1900000}]
A327: =Sheet1!A329 -> 1409006 | B327: [{"id": | C327: 14 | D327: ,"num": | E327: 45 | F327: },{"id": | G327: 2 | H327: ,"num": | I327: 1900000 | J327: },{"id": | K327: 1 | L327: ,"num": | M327: =I327 -> 1900000 | N327: }] | O327: =_xlfn.TEXTJOIN(,TRUE,B327:N327) -> [{"id":14,"num":45},{"id":2,"num":1900000},{"id":1,"num":1900000}]
A328: =Sheet1!A330 -> 1409007 | B328: [{"id": | C328: 14 | D328: ,"num": | E328: 45 | F328: },{"id": | G328: 2 | H328: ,"num": | I328: 1900000 | J328: },{"id": | K328: 1 | L328: ,"num": | M328: =I328 -> 1900000 | N328: }] | O328: =_xlfn.TEXTJOIN(,TRUE,B328:N328) -> [{"id":14,"num":45},{"id":2,"num":1900000},{"id":1,"num":1900000}]
A329: =Sheet1!A331 -> 1409008 | B329: [{"id": | C329: 14 | D329: ,"num": | E329: 45 | F329: },{"id": | G329: 2 | H329: ,"num": | I329: 1900000 | J329: },{"id": | K329: 1 | L329: ,"num": | M329: =I329 -> 1900000 | N329: }] | O329: =_xlfn.TEXTJOIN(,TRUE,B329:N329) -> [{"id":14,"num":45},{"id":2,"num":1900000},{"id":1,"num":1900000}]
A330: =Sheet1!A332 -> 1409009 | B330: [{"id": | C330: 14 | D330: ,"num": | E330: 45 | F330: },{"id": | G330: 2 | H330: ,"num": | I330: 1900000 | J330: },{"id": | K330: 1 | L330: ,"num": | M330: =I330 -> 1900000 | N330: }] | O330: =_xlfn.TEXTJOIN(,TRUE,B330:N330) -> [{"id":14,"num":45},{"id":2,"num":1900000},{"id":1,"num":1900000}]
A331: =Sheet1!A333 -> 1409010 | B331: [{"id": | C331: 14 | D331: ,"num": | E331: 45 | F331: },{"id": | G331: 2 | H331: ,"num": | I331: 1900000 | J331: },{"id": | K331: 1 | L331: ,"num": | M331: =I331 -> 1900000 | N331: }] | O331: =_xlfn.TEXTJOIN(,TRUE,B331:N331) -> [{"id":14,"num":45},{"id":2,"num":1900000},{"id":1,"num":1900000}]
A332: =Sheet1!A334 -> 1409011 | B332: [{"id": | C332: 14 | D332: ,"num": | E332: 45 | F332: },{"id": | G332: 2 | H332: ,"num": | I332: 1900000 | J332: },{"id": | K332: 1 | L332: ,"num": | M332: =I332 -> 1900000 | N332: }] | O332: =_xlfn.TEXTJOIN(,TRUE,B332:N332) -> [{"id":14,"num":45},{"id":2,"num":1900000},{"id":1,"num":1900000}]
A333: =Sheet1!A335 -> 1409012 | B333: [{"id": | C333: 14 | D333: ,"num": | E333: 45 | F333: },{"id": | G333: 2 | H333: ,"num": | I333: 1900000 | J333: },{"id": | K333: 1 | L333: ,"num": | M333: =I333 -> 1900000 | N333: }] | O333: =_xlfn.TEXTJOIN(,TRUE,B333:N333) -> [{"id":14,"num":45},{"id":2,"num":1900000},{"id":1,"num":1900000}]
... A481: =Sheet1!A483 -> 1412040 | B481: [{"id": | C481: 14 | D481: ,"num": | E481: 60 | F481: },{"id": | G481: 2 | H481: ,"num": | I481: 2500000 | J481: },{"id": | K481: 1 | L481: ,"num": | M481: =I481 -> 2500000 | N481: }] | O481: =_xlfn.TEXTJOIN(,TRUE,B481:N481) -> [{"id":14,"num":60},{"id":2,"num":2500000},{"id":1,"num":2500000}]
A482: =Sheet1!A484 -> 1413001 | B482: [{"id": | C482: 14 | D482: ,"num": | E482: 60 | F482: },{"id": | G482: 2 | H482: ,"num": | I482: 2500000 | J482: },{"id": | K482: 1 | L482: ,"num": | M482: =M442+200000 -> 2700000 | N482: }] | O482: =_xlfn.TEXTJOIN(,TRUE,B482:N482) -> [{"id":14,"num":60},{"id":2,"num":2500000},{"id":1,"num":2700000}]
A483: =Sheet1!A485 -> 1413002 | B483: [{"id": | C483: 14 | D483: ,"num": | E483: 60 | F483: },{"id": | G483: 2 | H483: ,"num": | I483: 2500000 | J483: },{"id": | K483: 1 | L483: ,"num": | M483: =M443+200000 -> 2700000 | N483: }] | O483: =_xlfn.TEXTJOIN(,TRUE,B483:N483) -> [{"id":14,"num":60},{"id":2,"num":2500000},{"id":1,"num":2700000}]
A484: =Sheet1!A486 -> 1413003 | B484: [{"id": | C484: 14 | D484: ,"num": | E484: 60 | F484: },{"id": | G484: 2 | H484: ,"num": | I484: 2500000 | J484: },{"id": | K484: 1 | L484: ,"num": | M484: =M444+200000 -> 2700000 | N484: }] | O484: =_xlfn.TEXTJOIN(,TRUE,B484:N484) -> [{"id":14,"num":60},{"id":2,"num":2500000},{"id":1,"num":2700000}]
A485: =Sheet1!A487 -> 1413004 | B485: [{"id": | C485: 14 | D485: ,"num": | E485: 60 | F485: },{"id": | G485: 2 | H485: ,"num": | I485: 2500000 | J485: },{"id": | K485: 1 | L485: ,"num": | M485: =M445+200000 -> 2700000 | N485: }] | O485: =_xlfn.TEXTJOIN(,TRUE,B485:N485) -> [{"id":14,"num":60},{"id":2,"num":2500000},{"id":1,"num":2700000}]
A486: =Sheet1!A488 -> 1413005 | B486: [{"id": | C486: 14 | D486: ,"num": | E486: 60 | F486: },{"id": | G486: 2 | H486: ,"num": | I486: 2500000 | J486: },{"id": | K486: 1 | L486: ,"num": | M486: =M446+200000 -> 2700000 | N486: }] | O486: =_xlfn.TEXTJOIN(,TRUE,B486:N486) -> [{"id":14,"num":60},{"id":2,"num":2500000},{"id":1,"num":2700000}]
A487: =Sheet1!A489 -> 1413006 | B487: [{"id": | C487: 14 | D487: ,"num": | E487: 60 | F487: },{"id": | G487: 2 | H487: ,"num": | I487: 2500000 | J487: },{"id": | K487: 1 | L487: ,"num": | M487: =M447+200000 -> 2700000 | N487: }] | O487: =_xlfn.TEXTJOIN(,TRUE,B487:N487) -> [{"id":14,"num":60},{"id":2,"num":2500000},{"id":1,"num":2700000}]
A488: =Sheet1!A490 -> 1413007 | B488: [{"id": | C488: 14 | D488: ,"num": | E488: 60 | F488: },{"id": | G488: 2 | H488: ,"num": | I488: 2500000 | J488: },{"id": | K488: 1 | L488: ,"num": | M488: =M448+200000 -> 2700000 | N488: }] | O488: =_xlfn.TEXTJOIN(,TRUE,B488:N488) -> [{"id":14,"num":60},{"id":2,"num":2500000},{"id":1,"num":2700000}]
A489: =Sheet1!A491 -> 1413008 | B489: [{"id": | C489: 14 | D489: ,"num": | E489: 60 | F489: },{"id": | G489: 2 | H489: ,"num": | I489: 2500000 | J489: },{"id": | K489: 1 | L489: ,"num": | M489: =M449+200000 -> 2700000 | N489: }] | O489: =_xlfn.TEXTJOIN(,TRUE,B489:N489) -> [{"id":14,"num":60},{"id":2,"num":2500000},{"id":1,"num":2700000}]
A490: =Sheet1!A492 -> 1413009 | B490: [{"id": | C490: 14 | D490: ,"num": | E490: 60 | F490: },{"id": | G490: 2 | H490: ,"num": | I490: 2500000 | J490: },{"id": | K490: 1 | L490: ,"num": | M490: =M450+200000 -> 2700000 | N490: }] | O490: =_xlfn.TEXTJOIN(,TRUE,B490:N490) -> [{"id":14,"num":60},{"id":2,"num":2500000},{"id":1,"num":2700000}]
A491: =Sheet1!A493 -> 1413010 | B491: [{"id": | C491: 14 | D491: ,"num": | E491: 60 | F491: },{"id": | G491: 2 | H491: ,"num": | I491: 2500000 | J491: },{"id": | K491: 1 | L491: ,"num": | M491: =M451+200000 -> 2700000 | N491: }] | O491: =_xlfn.TEXTJOIN(,TRUE,B491:N491) -> [{"id":14,"num":60},{"id":2,"num":2500000},{"id":1,"num":2700000}]
A492: =Sheet1!A494 -> 1413011 | B492: [{"id": | C492: 14 | D492: ,"num": | E492: 60 | F492: },{"id": | G492: 2 | H492: ,"num": | I492: 2500000 | J492: },{"id": | K492: 1 | L492: ,"num": | M492: =M452+200000 -> 2700000 | N492: }] | O492: =_xlfn.TEXTJOIN(,TRUE,B492:N492) -> [{"id":14,"num":60},{"id":2,"num":2500000},{"id":1,"num":2700000}]
A493: =Sheet1!A495 -> 1413012 | B493: [{"id": | C493: 14 | D493: ,"num": | E493: 60 | F493: },{"id": | G493: 2 | H493: ,"num": | I493: 2500000 | J493: },{"id": | K493: 1 | L493: ,"num": | M493: =M453+200000 -> 2700000 | N493: }] | O493: =_xlfn.TEXTJOIN(,TRUE,B493:N493) -> [{"id":14,"num":60},{"id":2,"num":2500000},{"id":1,"num":2700000}]
... A801: =Sheet1!A803 -> 1420040 | B801: [{"id": | C801: 14 | D801: ,"num": | E801: 60 | F801: },{"id": | G801: 2 | H801: ,"num": | I801: 2500000 | J801: },{"id": | K801: 1 | L801: ,"num": | M801: =M761+200000 -> 4100000 | N801: }] | O801: =_xlfn.TEXTJOIN(,TRUE,B801:N801) -> [{"id":14,"num":60},{"id":2,"num":2500000},{"id":1,"num":4100000}]

Sheet 首领结算奖励
A1: 索引 | C1: 道具ID | E1: 道具数量 | G1: 道具ID | I1: 道具数量 | K1: 道具ID | M1: 道具数量 | O1: 生成
A2: =Sheet1!A804 -> 1501001 | B2: [{"id": | C2: 14 | D2: ,"num": | E2: 50 | F2: },{"id": | G2: 5 | H2: ,"num": | I2: 100 | J2: },{"id": | K2: 60 | L2: ,"num": | M2: 1 | N2: }] | O2: =_xlfn.TEXTJOIN(,TRUE,B2:N2) -> [{"id":14,"num":50},{"id":5,"num":100},{"id":60,"num":1}]
A3: =Sheet1!A805 -> 1501002 | B3: [{"id": | C3: 14 | D3: ,"num": | E3: 50 | F3: },{"id": | G3: 5 | H3: ,"num": | I3: 125 | J3: },{"id": | K3: 60 | L3: ,"num": | M3: 1 | N3: }] | O3: =_xlfn.TEXTJOIN(,TRUE,B3:N3) -> [{"id":14,"num":50},{"id":5,"num":125},{"id":60,"num":1}]
A4: =Sheet1!A806 -> 1501003 | B4: [{"id": | C4: 14 | D4: ,"num": | E4: 50 | F4: },{"id": | G4: 5 | H4: ,"num": | I4: 150 | J4: },{"id": | K4: 60 | L4: ,"num": | M4: 1 | N4: }] | O4: =_xlfn.TEXTJOIN(,TRUE,B4:N4) -> [{"id":14,"num":50},{"id":5,"num":150},{"id":60,"num":1}]
A5: =Sheet1!A807 -> 1501004 | B5: [{"id": | C5: 14 | D5: ,"num": | E5: 50 | F5: },{"id": | G5: 5 | H5: ,"num": | I5: 175 | J5: },{"id": | K5: 60 | L5: ,"num": | M5: 1 | N5: }] | O5: =_xlfn.TEXTJOIN(,TRUE,B5:N5) -> [{"id":14,"num":50},{"id":5,"num":175},{"id":60,"num":1}]
A6: =Sheet1!A808 -> 1501005 | B6: [{"id": | C6: 14 | D6: ,"num": | E6: 50 | F6: },{"id": | G6: 5 | H6: ,"num": | I6: 200 | J6: },{"id": | K6: 60 | L6: ,"num": | M6: 1 | N6: }] | O6: =_xlfn.TEXTJOIN(,TRUE,B6:N6) -> [{"id":14,"num":50},{"id":5,"num":200},{"id":60,"num":1}]
A7: =Sheet1!A809 -> 1501006 | B7: [{"id": | C7: 14 | D7: ,"num": | E7: 50 | F7: },{"id": | G7: 5 | H7: ,"num": | I7: 225 | J7: },{"id": | K7: 61 | L7: ,"num": | M7: 1 | N7: }] | O7: =_xlfn.TEXTJOIN(,TRUE,B7:N7) -> [{"id":14,"num":50},{"id":5,"num":225},{"id":61,"num":1}]
A8: =Sheet1!A810 -> 1501007 | B8: [{"id": | C8: 14 | D8: ,"num": | E8: 50 | F8: },{"id": | G8: 5 | H8: ,"num": | I8: 250 | J8: },{"id": | K8: 61 | L8: ,"num": | M8: 1 | N8: }] | O8: =_xlfn.TEXTJOIN(,TRUE,B8:N8) -> [{"id":14,"num":50},{"id":5,"num":250},{"id":61,"num":1}]
A9: =Sheet1!A811 -> 1501008 | B9: [{"id": | C9: 14 | D9: ,"num": | E9: 50 | F9: },{"id": | G9: 5 | H9: ,"num": | I9: 265 | J9: },{"id": | K9: 61 | L9: ,"num": | M9: 1 | N9: }] | O9: =_xlfn.TEXTJOIN(,TRUE,B9:N9) -> [{"id":14,"num":50},{"id":5,"num":265},{"id":61,"num":1}]
A10: =Sheet1!A812 -> 1501009 | B10: [{"id": | C10: 14 | D10: ,"num": | E10: 50 | F10: },{"id": | G10: 5 | H10: ,"num": | I10: 280 | J10: },{"id": | K10: 61 | L10: ,"num": | M10: 1 | N10: }] | O10: =_xlfn.TEXTJOIN(,TRUE,B10:N10) -> [{"id":14,"num":50},{"id":5,"num":280},{"id":61,"num":1}]
A11: =Sheet1!A813 -> 1501010 | B11: [{"id": | C11: 14 | D11: ,"num": | E11: 50 | F11: },{"id": | G11: 5 | H11: ,"num": | I11: 295 | J11: },{"id": | K11: 61 | L11: ,"num": | M11: 1 | N11: }] | O11: =_xlfn.TEXTJOIN(,TRUE,B11:N11) -> [{"id":14,"num":50},{"id":5,"num":295},{"id":61,"num":1}]
A12: =Sheet1!A814 -> 1501011 | B12: [{"id": | C12: 14 | D12: ,"num": | E12: 50 | F12: },{"id": | G12: 5 | H12: ,"num": | I12: 310 | J12: },{"id": | K12: 61 | L12: ,"num": | M12: 2 | N12: }] | O12: =_xlfn.TEXTJOIN(,TRUE,B12:N12) -> [{"id":14,"num":50},{"id":5,"num":310},{"id":61,"num":2}]
A13: =Sheet1!A815 -> 1501012 | B13: [{"id": | C13: 14 | D13: ,"num": | E13: 50 | F13: },{"id": | G13: 5 | H13: ,"num": | I13: 325 | J13: },{"id": | K13: 61 | L13: ,"num": | M13: 2 | N13: }] | O13: =_xlfn.TEXTJOIN(,TRUE,B13:N13) -> [{"id":14,"num":50},{"id":5,"num":325},{"id":61,"num":2}]
... A121: =Sheet1!A923 -> 1501120 | B121: [{"id": | C121: 14 | D121: ,"num": | E121: 100 | F121: },{"id": | G121: 5 | H121: ,"num": | I121: 890 | J121: },{"id": | K121: 63 | L121: ,"num": | M121: 10 | N121: }] | O121: =_xlfn.TEXTJOIN(,TRUE,B121:N121) -> [{"id":14,"num":100},{"id":5,"num":890},{"id":63,"num":10}]

Sheet 试炼塔结算奖励
A1: 索引 | C1: 道具ID | E1: 道具数量 | G1: 道具ID | I1: 道具数量 | K1: 道具ID | M1: 道具数量 | O1: 生成
A2: =Sheet1!A924 -> 1601001 | B2: [{"id": | C2: 8 | D2: ,"num": | E2: 150 | F2: },{"id": | G2: 1 | H2: ,"num": | I2: 75000 | J2: },{"id": | K2: 11 | L2: ,"num": | M2: 1 | N2: }] | O2: =_xlfn.TEXTJOIN(,TRUE,B2:N2) -> [{"id":8,"num":150},{"id":1,"num":75000},{"id":11,"num":1}]
A3: =Sheet1!A925 -> 1601002 | B3: [{"id": | C3: 8 | D3: ,"num": | E3: 160 | F3: },{"id": | G3: 1 | H3: ,"num": | I3: 80000 | J3: },{"id": | K3: 11 | L3: ,"num": | M3: 2 | N3: }] | O3: =_xlfn.TEXTJOIN(,TRUE,B3:N3) -> [{"id":8,"num":160},{"id":1,"num":80000},{"id":11,"num":2}]
A4: =Sheet1!A926 -> 1601003 | B4: [{"id": | C4: 8 | D4: ,"num": | E4: 170 | F4: },{"id": | G4: 1 | H4: ,"num": | I4: 85000 | J4: },{"id": | K4: 11 | L4: ,"num": | M4: 3 | N4: }] | O4: =_xlfn.TEXTJOIN(,TRUE,B4:N4) -> [{"id":8,"num":170},{"id":1,"num":85000},{"id":11,"num":3}]
A5: =Sheet1!A927 -> 1601004 | B5: [{"id": | C5: 8 | D5: ,"num": | E5: 180 | F5: },{"id": | G5: 1 | H5: ,"num": | I5: 90000 | J5: },{"id": | K5: 11 | L5: ,"num": | M5: 4 | N5: }] | O5: =_xlfn.TEXTJOIN(,TRUE,B5:N5) -> [{"id":8,"num":180},{"id":1,"num":90000},{"id":11,"num":4}]
A6: =Sheet1!A928 -> 1601005 | B6: [{"id": | C6: 8 | D6: ,"num": | E6: 190 | F6: },{"id": | G6: 1 | H6: ,"num": | I6: 95000 | J6: },{"id": | K6: 11 | L6: ,"num": | M6: 5 | N6: }] | O6: =_xlfn.TEXTJOIN(,TRUE,B6:N6) -> [{"id":8,"num":190},{"id":1,"num":95000},{"id":11,"num":5}]
A7: =Sheet1!A929 -> 1601006 | B7: [{"id": | C7: 8 | D7: ,"num": | E7: 200 | F7: },{"id": | G7: 1 | H7: ,"num": | I7: 100000 | J7: },{"id": | K7: 11 | L7: ,"num": | M7: 6 | N7: }] | O7: =_xlfn.TEXTJOIN(,TRUE,B7:N7) -> [{"id":8,"num":200},{"id":1,"num":100000},{"id":11,"num":6}]
A8: =Sheet1!A930 -> 1601007 | B8: [{"id": | C8: 8 | D8: ,"num": | E8: 210 | F8: },{"id": | G8: 1 | H8: ,"num": | I8: 105000 | J8: },{"id": | K8: 11 | L8: ,"num": | M8: 7 | N8: }] | O8: =_xlfn.TEXTJOIN(,TRUE,B8:N8) -> [{"id":8,"num":210},{"id":1,"num":105000},{"id":11,"num":7}]
A9: =Sheet1!A931 -> 1601008 | B9: [{"id": | C9: 8 | D9: ,"num": | E9: 220 | F9: },{"id": | G9: 1 | H9: ,"num": | I9: 110000 | J9: },{"id": | K9: 11 | L9: ,"num": | M9: 8 | N9: }] | O9: =_xlfn.TEXTJOIN(,TRUE,B9:N9) -> [{"id":8,"num":220},{"id":1,"num":110000},{"id":11,"num":8}]
A10: =Sheet1!A932 -> 1601009 | B10: [{"id": | C10: 8 | D10: ,"num": | E10: 230 | F10: },{"id": | G10: 1 | H10: ,"num": | I10: 115000 | J10: },{"id": | K10: 11 | L10: ,"num": | M10: 9 | N10: }] | O10: =_xlfn.TEXTJOIN(,TRUE,B10:N10) -> [{"id":8,"num":230},{"id":1,"num":115000},{"id":11,"num":9}]
A11: =Sheet1!A933 -> 1601010 | B11: [{"id": | C11: 8 | D11: ,"num": | E11: 240 | F11: },{"id": | G11: 1 | H11: ,"num": | I11: 120000 | J11: },{"id": | K11: 11 | L11: ,"num": | M11: 10 | N11: }] | O11: =_xlfn.TEXTJOIN(,TRUE,B11:N11) -> [{"id":8,"num":240},{"id":1,"num":120000},{"id":11,"num":10}]
A12: =Sheet1!A934 -> 1601011 | B12: [{"id": | C12: 8 | D12: ,"num": | E12: 250 | F12: },{"id": | G12: 1 | H12: ,"num": | I12: 125000 | J12: },{"id": | K12: 11 | L12: ,"num": | M12: 11 | N12: }] | O12: =_xlfn.TEXTJOIN(,TRUE,B12:N12) -> [{"id":8,"num":250},{"id":1,"num":125000},{"id":11,"num":11}]
A13: =Sheet1!A935 -> 1601012 | B13: [{"id": | C13: 8 | D13: ,"num": | E13: 260 | F13: },{"id": | G13: 1 | H13: ,"num": | I13: 130000 | J13: },{"id": | K13: 11 | L13: ,"num": | M13: 12 | N13: }] | O13: =_xlfn.TEXTJOIN(,TRUE,B13:N13) -> [{"id":8,"num":260},{"id":1,"num":130000},{"id":11,"num":12}]
... A62: =Sheet1!A984 -> 1601061 | B62: [{"id": | C62: 8 | D62: ,"num": | E62: 750 | F62: },{"id": | G62: 1 | H62: ,"num": | I62: 375000 | J62: },{"id": | K62: 22 | L62: ,"num": | M62: 1900 | N62: }] | O62: =_xlfn.TEXTJOIN(,TRUE,B62:N62) -> [{"id":8,"num":750},{"id":1,"num":375000},{"id":22,"num":1900}]

Sheet 遗迹结算奖励
A1: 索引 | C1: 道具ID | E1: 道具数量 | G1: 道具ID | I1: 道具数量 | K1: 道具ID | M1: 道具数量 | O1: 生成
A2: =Sheet1!A985 -> 1701001 | B2: [{"id": | C2: 2 | D2: ,"num": | E2: 10600 | F2: },{"id": | G2: 1 | H2: ,"num": | I2: 10000 | J2: },{"id": | K2: 84 | L2: ,"num": | M2: 1 | N2: }] | O2: =_xlfn.TEXTJOIN(,TRUE,B2:N2) -> [{"id":2,"num":10600},{"id":1,"num":10000},{"id":84,"num":1}]
A3: =Sheet1!A986 -> 1701002 | B3: [{"id": | C3: 2 | D3: ,"num": | E3: 10600 | F3: },{"id": | G3: 1 | H3: ,"num": | I3: 10000 | J3: },{"id": | K3: 84 | L3: ,"num": | M3: 1 | N3: }] | O3: =_xlfn.TEXTJOIN(,TRUE,B3:N3) -> [{"id":2,"num":10600},{"id":1,"num":10000},{"id":84,"num":1}]
A4: =Sheet1!A987 -> 1701003 | B4: [{"id": | C4: 2 | D4: ,"num": | E4: 10600 | F4: },{"id": | G4: 1 | H4: ,"num": | I4: 10000 | J4: },{"id": | K4: 84 | L4: ,"num": | M4: 1 | N4: }] | O4: =_xlfn.TEXTJOIN(,TRUE,B4:N4) -> [{"id":2,"num":10600},{"id":1,"num":10000},{"id":84,"num":1}]
A5: =Sheet1!A988 -> 1701004 | B5: [{"id": | C5: 2 | D5: ,"num": | E5: 10600 | F5: },{"id": | G5: 1 | H5: ,"num": | I5: 10000 | J5: },{"id": | K5: 84 | L5: ,"num": | M5: 1 | N5: }] | O5: =_xlfn.TEXTJOIN(,TRUE,B5:N5) -> [{"id":2,"num":10600},{"id":1,"num":10000},{"id":84,"num":1}]
A6: =Sheet1!A989 -> 1701005 | B6: [{"id": | C6: 2 | D6: ,"num": | E6: 10600 | F6: },{"id": | G6: 1 | H6: ,"num": | I6: 10000 | J6: },{"id": | K6: 84 | L6: ,"num": | M6: 1 | N6: }] | O6: =_xlfn.TEXTJOIN(,TRUE,B6:N6) -> [{"id":2,"num":10600},{"id":1,"num":10000},{"id":84,"num":1}]
A7: =Sheet1!A990 -> 1701006 | B7: [{"id": | C7: 2 | D7: ,"num": | E7: 10600 | F7: },{"id": | G7: 1 | H7: ,"num": | I7: 10000 | J7: },{"id": | K7: 84 | L7: ,"num": | M7: 1 | N7: }] | O7: =_xlfn.TEXTJOIN(,TRUE,B7:N7) -> [{"id":2,"num":10600},{"id":1,"num":10000},{"id":84,"num":1}]
A8: =Sheet1!A991 -> 1701007 | B8: [{"id": | C8: 2 | D8: ,"num": | E8: 10600 | F8: },{"id": | G8: 1 | H8: ,"num": | I8: 10000 | J8: },{"id": | K8: 84 | L8: ,"num": | M8: 1 | N8: }] | O8: =_xlfn.TEXTJOIN(,TRUE,B8:N8) -> [{"id":2,"num":10600},{"id":1,"num":10000},{"id":84,"num":1}]
A9: =Sheet1!A992 -> 1701008 | B9: [{"id": | C9: 2 | D9: ,"num": | E9: 10600 | F9: },{"id": | G9: 1 | H9: ,"num": | I9: 10000 | J9: },{"id": | K9: 84 | L9: ,"num": | M9: 1 | N9: }] | O9: =_xlfn.TEXTJOIN(,TRUE,B9:N9) -> [{"id":2,"num":10600},{"id":1,"num":10000},{"id":84,"num":1}]
A10: =Sheet1!A993 -> 1701009 | B10: [{"id": | C10: 2 | D10: ,"num": | E10: 10600 | F10: },{"id": | G10: 1 | H10: ,"num": | I10: 10000 | J10: },{"id": | K10: 84 | L10: ,"num": | M10: 1 | N10: }] | O10: =_xlfn.TEXTJOIN(,TRUE,B10:N10) -> [{"id":2,"num":10600},{"id":1,"num":10000},{"id":84,"num":1}]
A11: =Sheet1!A994 -> 1701010 | B11: [{"id": | C11: 2 | D11: ,"num": | E11: 10600 | F11: },{"id": | G11: 1 | H11: ,"num": | I11: 10000 | J11: },{"id": | K11: 84 | L11: ,"num": | M11: 1 | N11: }] | O11: =_xlfn.TEXTJOIN(,TRUE,B11:N11) -> [{"id":2,"num":10600},{"id":1,"num":10000},{"id":84,"num":1}]
A12: =Sheet1!A995 -> 1702001 | B12: [{"id": | C12: 2 | D12: ,"num": | E12: 22400 | F12: },{"id": | G12: 1 | H12: ,"num": | I12: 20000 | J12: },{"id": | K12: 85 | L12: ,"num": | M12: 1 | N12: }] | O12: =_xlfn.TEXTJOIN(,TRUE,B12:N12) -> [{"id":2,"num":22400},{"id":1,"num":20000},{"id":85,"num":1}]
A13: =Sheet1!A996 -> 1702002 | B13: [{"id": | C13: 2 | D13: ,"num": | E13: 22400 | F13: },{"id": | G13: 1 | H13: ,"num": | I13: 20000 | J13: },{"id": | K13: 85 | L13: ,"num": | M13: 1 | N13: }] | O13: =_xlfn.TEXTJOIN(,TRUE,B13:N13) -> [{"id":2,"num":22400},{"id":1,"num":20000},{"id":85,"num":1}]
... A61: =Sheet1!A1044 -> 1706010 | B61: [{"id": | C61: 2 | D61: ,"num": | E61: 1698800 | F61: },{"id": | G61: 1 | H61: ,"num": | I61: 1690000 | J61: },{"id": | K61: 86 | L61: ,"num": | M61: 1 | N61: }] | O61: =_xlfn.TEXTJOIN(,TRUE,B61:N61) -> [{"id":2,"num":1698800},{"id":1,"num":1690000},{"id":86,"num":1}]
A62: =Sheet1!A1045 -> 1707001 | B62: [{"id": | C62: 2 | D62: ,"num": | E62: 1698800 | F62: },{"id": | G62: 1 | H62: ,"num": | I62: 1690000 | J62: },{"id": | K62: 86 | L62: ,"num": | M62: =M52+1 -> 2 | N62: }] | O62: =_xlfn.TEXTJOIN(,TRUE,B62:N62) -> [{"id":2,"num":1698800},{"id":1,"num":1690000},{"id":86,"num":2}]
A63: =Sheet1!A1046 -> 1707002 | B63: [{"id": | C63: 2 | D63: ,"num": | E63: 1698800 | F63: },{"id": | G63: 1 | H63: ,"num": | I63: 1690000 | J63: },{"id": | K63: 86 | L63: ,"num": | M63: =M53+1 -> 2 | N63: }] | O63: =_xlfn.TEXTJOIN(,TRUE,B63:N63) -> [{"id":2,"num":1698800},{"id":1,"num":1690000},{"id":86,"num":2}]
A64: =Sheet1!A1047 -> 1707003 | B64: [{"id": | C64: 2 | D64: ,"num": | E64: 1698800 | F64: },{"id": | G64: 1 | H64: ,"num": | I64: 1690000 | J64: },{"id": | K64: 86 | L64: ,"num": | M64: =M54+1 -> 2 | N64: }] | O64: =_xlfn.TEXTJOIN(,TRUE,B64:N64) -> [{"id":2,"num":1698800},{"id":1,"num":1690000},{"id":86,"num":2}]
A65: =Sheet1!A1048 -> 1707004 | B65: [{"id": | C65: 2 | D65: ,"num": | E65: 1698800 | F65: },{"id": | G65: 1 | H65: ,"num": | I65: 1690000 | J65: },{"id": | K65: 86 | L65: ,"num": | M65: =M55+1 -> 2 | N65: }] | O65: =_xlfn.TEXTJOIN(,TRUE,B65:N65) -> [{"id":2,"num":1698800},{"id":1,"num":1690000},{"id":86,"num":2}]
A66: =Sheet1!A1049 -> 1707005 | B66: [{"id": | C66: 2 | D66: ,"num": | E66: 1698800 | F66: },{"id": | G66: 1 | H66: ,"num": | I66: 1690000 | J66: },{"id": | K66: 86 | L66: ,"num": | M66: =M56+1 -> 2 | N66: }] | O66: =_xlfn.TEXTJOIN(,TRUE,B66:N66) -> [{"id":2,"num":1698800},{"id":1,"num":1690000},{"id":86,"num":2}]
A67: =Sheet1!A1050 -> 1707006 | B67: [{"id": | C67: 2 | D67: ,"num": | E67: 1698800 | F67: },{"id": | G67: 1 | H67: ,"num": | I67: 1690000 | J67: },{"id": | K67: 86 | L67: ,"num": | M67: =M57+1 -> 2 | N67: }] | O67: =_xlfn.TEXTJOIN(,TRUE,B67:N67) -> [{"id":2,"num":1698800},{"id":1,"num":1690000},{"id":86,"num":2}]
A68: =Sheet1!A1051 -> 1707007 | B68: [{"id": | C68: 2 | D68: ,"num": | E68: 1698800 | F68: },{"id": | G68: 1 | H68: ,"num": | I68: 1690000 | J68: },{"id": | K68: 86 | L68: ,"num": | M68: =M58+1 -> 2 | N68: }] | O68: =_xlfn.TEXTJOIN(,TRUE,B68:N68) -> [{"id":2,"num":1698800},{"id":1,"num":1690000},{"id":86,"num":2}]
A69: =Sheet1!A1052 -> 1707008 | B69: [{"id": | C69: 2 | D69: ,"num": | E69: 1698800 | F69: },{"id": | G69: 1 | H69: ,"num": | I69: 1690000 | J69: },{"id": | K69: 86 | L69: ,"num": | M69: =M59+1 -> 2 | N69: }] | O69: =_xlfn.TEXTJOIN(,TRUE,B69:N69) -> [{"id":2,"num":1698800},{"id":1,"num":1690000},{"id":86,"num":2}]
A70: =Sheet1!A1053 -> 1707009 | B70: [{"id": | C70: 2 | D70: ,"num": | E70: 1698800 | F70: },{"id": | G70: 1 | H70: ,"num": | I70: 1690000 | J70: },{"id": | K70: 86 | L70: ,"num": | M70: =M60+1 -> 2 | N70: }] | O70: =_xlfn.TEXTJOIN(,TRUE,B70:N70) -> [{"id":2,"num":1698800},{"id":1,"num":1690000},{"id":86,"num":2}]
A71: =Sheet1!A1054 -> 1707010 | B71: [{"id": | C71: 2 | D71: ,"num": | E71: 1698800 | F71: },{"id": | G71: 1 | H71: ,"num": | I71: 1690000 | J71: },{"id": | K71: 86 | L71: ,"num": | M71: =M61+1 -> 2 | N71: }] | O71: =_xlfn.TEXTJOIN(,TRUE,B71:N71) -> [{"id":2,"num":1698800},{"id":1,"num":1690000},{"id":86,"num":2}]
A72: =Sheet1!A1055 -> 1708001 | B72: [{"id": | C72: 2 | D72: ,"num": | E72: 1698800 | F72: },{"id": | G72: 1 | H72: ,"num": | I72: 1690000 | J72: },{"id": | K72: 86 | L72: ,"num": | M72: =M62+1 -> 3 | N72: }] | O72: =_xlfn.TEXTJOIN(,TRUE,B72:N72) -> [{"id":2,"num":1698800},{"id":1,"num":1690000},{"id":86,"num":3}]
A73: =Sheet1!A1056 -> 1708002 | B73: [{"id": | C73: 2 | D73: ,"num": | E73: 1698800 | F73: },{"id": | G73: 1 | H73: ,"num": | I73: 1690000 | J73: },{"id": | K73: 86 | L73: ,"num": | M73: =M63+1 -> 3 | N73: }] | O73: =_xlfn.TEXTJOIN(,TRUE,B73:N73) -> [{"id":2,"num":1698800},{"id":1,"num":1690000},{"id":86,"num":3}]
... A201: =Sheet1!A1184 -> 1720010 | B201: [{"id": | C201: 2 | D201: ,"num": | E201: 1698800 | F201: },{"id": | G201: 1 | H201: ,"num": | I201: 1690000 | J201: },{"id": | K201: 86 | L201: ,"num": | M201: =M191+1 -> 15 | N201: }] | O201: =_xlfn.TEXTJOIN(,TRUE,B201:N201) -> [{"id":2,"num":1698800},{"id":1,"num":1690000},{"id":86,"num":15}]

Sheet Sheet2
A1: 1408020 | B1: ,"point":{"x":15,"y":35}}, {"id":30, "num":6,"point":{"x":26,"y":39}}, {"id":30, "num":5,"point":{"x":36,"y":37}}, {"id":60, "num":1,"point":{"x":25,"y":42}}]
A2: 1408021 | B2: [{"id":231,"num":2,"point":{"x":24,"y":37}}, {"id":231, "num":2,"point":{"x":15,"y":35}}, {"id":231, "num":2,"point":{"x":33,"y":33}}]
A3: 1408022 | B3: [{"id":231,"num":3,"point":{"x":24,"y":37}}, {"id":231, "num":2,"point":{"x":15,"y":35}}, {"id":231, "num":2,"point":{"x":33,"y":33}}]
A4: 1408023 | B4: [{"id":231,"num":3,"point":{"x":16,"y":38}}, {"id":231, "num":3,"point":{"x":35,"y":35}}, {"id":231, "num":3,"point":{"x":23,"y":12}}]
A5: 1408024 | B5: [{"id":231,"num":4,"point":{"x":16,"y":38}}, {"id":231, "num":3,"point":{"x":35,"y":35}}, {"id":231, "num":3,"point":{"x":23,"y":12}}]
A6: 1408025 | B6: [{"id":231,"num":4,"point":{"x":16,"y":20}}, {"id":231, "num":4,"point":{"x":25,"y":37}}, {"id":231, "num":4,"point":{"x":33,"y":16}}]
A7: 1408026 | B7: [{"id":231,"num":5,"point":{"x":16,"y":20}}, {"id":231, "num":4,"point":{"x":25,"y":37}}, {"id":231, "num":4,"point":{"x":33,"y":16}}]
A8: 1408027 | B8: [{"id":231,"num":5,"point":{"x":25,"y":35}}, {"id":231, "num":5,"point":{"x":33,"y":33}}, {"id":231, "num":5,"point":{"x":20,"y":18}}]
A9: 1408028 | B9: [{"id":231,"num":6,"point":{"x":25,"y":35}}, {"id":231, "num":5,"point":{"x":33,"y":33}}, {"id":231, "num":5,"point":{"x":20,"y":18}}]
A10: 1408029 | B10: [{"id":231,"num":6,"point":{"x":15,"y":35}}, {"id":231, "num":6,"point":{"x":26,"y":39}}, {"id":231, "num":5,"point":{"x":36,"y":37}}]
A11: 1408030 | B11: [{"id":231,"num":6,"point":{"x":15,"y":35}}, {"id":231, "num":6,"point":{"x":26,"y":39}}, {"id":231, "num":5,"point":{"x":36,"y":37}}, {"id":261, "num":1,"point":{"x":25,"y":42}}]
A14: 1408020 | B14: =CONCATENATE(C14,D14,E14,F14,G14,H14,I14,J14,K14,L14,M14,N14,O14,P14,Q14,R14,S14) -> [{"id":30,"num":6,"point":{"x":15,"y":35}}, {"id":30, "num":6,"point":{"x":26,"y":39}}, {"id":30, "num":5,"point":{"x":36,"y":37}}, {"id":60, "num":1,"point":{"x":25,"y":42}}] | C14: [{"id": | D14: 30 | E14: ,"num": | F14: 6 | G14: ,"point":{"x":15,"y":35}}, {"id": | H14: 30 | I14: , "num": | J14: 6 | K14: ,"point":{"x":26,"y":39}}, {"id": | L14: 30 | M14: , "num": | N14: 5 | O14: ,"point":{"x":36,"y":37}}, {"id": | P14: 60 | Q14: , "num": | R14: 1 | S14: ,"point":{"x":25,"y":42}}]
A15: 1408021 | B15: =CONCATENATE(C15,D15,E15,F15,G15,H15,I15,J15,K15,L15,M15,N15,O15,P15,Q15,R15,S15) -> [{"id":201,"num":2,"point":{"x":24,"y":37}}, {"id":201, "num":2,"point":{"x":15,"y":35}}, {"id":231, "num":3,"point":{"x":33,"y":33}}] | C15: [{"id": | D15: 201 | E15: ,"num": | F15: 2 | G15: ,"point":{"x":24,"y":37}}, {"id": | H15: =D15 -> 201 | I15: , "num": | J15: 2 | K15: ,"point":{"x":15,"y":35}}, {"id": | L15: 231 | M15: , "num": | N15: 3 | O15: ,"point":{"x":33,"y":33}}]
A16: 1408022 | B16: =CONCATENATE(C16,D16,E16,F16,G16,H16,I16,J16,K16,L16,M16,N16,O16,P16,Q16,R16,S16) -> [{"id":201,"num":3,"point":{"x":24,"y":37}}, {"id":201, "num":2,"point":{"x":15,"y":35}}, {"id":231, "num":3,"point":{"x":33,"y":33}}] | C16: [{"id": | D16: 201 | E16: ,"num": | F16: 3 | G16: ,"point":{"x":24,"y":37}}, {"id": | H16: =D16 -> 201 | I16: , "num": | J16: 2 | K16: ,"point":{"x":15,"y":35}}, {"id": | L16: 231 | M16: , "num": | N16: 3 | O16: ,"point":{"x":33,"y":33}}]
A17: 1408023 | B17: =CONCATENATE(C17,D17,E17,F17,G17,H17,I17,J17,K17,L17,M17,N17,O17,P17,Q17,R17,S17) -> [{"id":202,"num":3,"point":{"x":16,"y":38}}, {"id":202, "num":3,"point":{"x":35,"y":35}}, {"id":231, "num":4,"point":{"x":23,"y":12}}] | C17: [{"id": | D17: 202 | E17: ,"num": | F17: 3 | G17: ,"point":{"x":16,"y":38}}, {"id": | H17: =D17 -> 202 | I17: , "num": | J17: 3 | K17: ,"point":{"x":35,"y":35}}, {"id": | L17: 231 | M17: , "num": | N17: 4 | O17: ,"point":{"x":23,"y":12}}]
A18: 1408024 | B18: =CONCATENATE(C18,D18,E18,F18,G18,H18,I18,J18,K18,L18,M18,N18,O18,P18,Q18,R18,S18) -> [{"id":202,"num":4,"point":{"x":16,"y":38}}, {"id":202, "num":3,"point":{"x":35,"y":35}}, {"id":231, "num":4,"point":{"x":23,"y":12}}] | C18: [{"id": | D18: 202 | E18: ,"num": | F18: 4 | G18: ,"point":{"x":16,"y":38}}, {"id": | H18: =D18 -> 202 | I18: , "num": | J18: 3 | K18: ,"point":{"x":35,"y":35}}, {"id": | L18: 231 | M18: , "num": | N18: 4 | O18: ,"point":{"x":23,"y":12}}]
A19: 1408025 | B19: =CONCATENATE(C19,D19,E19,F19,G19,H19,I19,J19,K19,L19,M19,N19,O19,P19,Q19,R19,S19) -> [{"id":203,"num":4,"point":{"x":16,"y":20}}, {"id":203, "num":4,"point":{"x":25,"y":37}}, {"id":231, "num":5,"point":{"x":33,"y":16}}] | C19: [{"id": | D19: 203 | E19: ,"num": | F19: 4 | G19: ,"point":{"x":16,"y":20}}, {"id": | H19: =D19 -> 203 | I19: , "num": | J19: 4 | K19: ,"point":{"x":25,"y":37}}, {"id": | L19: 231 | M19: , "num": | N19: 5 | O19: ,"point":{"x":33,"y":16}}]
A20: 1408026 | B20: =CONCATENATE(C20,D20,E20,F20,G20,H20,I20,J20,K20,L20,M20,N20,O20,P20,Q20,R20,S20) -> [{"id":203,"num":5,"point":{"x":16,"y":20}}, {"id":203, "num":4,"point":{"x":25,"y":37}}, {"id":231, "num":5,"point":{"x":33,"y":16}}] | C20: [{"id": | D20: 203 | E20: ,"num": | F20: 5 | G20: ,"point":{"x":16,"y":20}}, {"id": | H20: =D20 -> 203 | I20: , "num": | J20: 4 | K20: ,"point":{"x":25,"y":37}}, {"id": | L20: 231 | M20: , "num": | N20: 5 | O20: ,"point":{"x":33,"y":16}}]
A21: 1408027 | B21: =CONCATENATE(C21,D21,E21,F21,G21,H21,I21,J21,K21,L21,M21,N21,O21,P21,Q21,R21,S21) -> [{"id":204,"num":5,"point":{"x":25,"y":35}}, {"id":204, "num":5,"point":{"x":33,"y":33}}, {"id":231, "num":5,"point":{"x":20,"y":18}}] | C21: [{"id": | D21: 204 | E21: ,"num": | F21: 5 | G21: ,"point":{"x":25,"y":35}}, {"id": | H21: =D21 -> 204 | I21: , "num": | J21: 5 | K21: ,"point":{"x":33,"y":33}}, {"id": | L21: 231 | M21: , "num": | N21: 5 | O21: ,"point":{"x":20,"y":18}}]
A22: 1408028 | B22: =CONCATENATE(C22,D22,E22,F22,G22,H22,I22,J22,K22,L22,M22,N22,O22,P22,Q22,R22,S22) -> [{"id":204,"num":6,"point":{"x":25,"y":35}}, {"id":204, "num":5,"point":{"x":33,"y":33}}, {"id":231, "num":6,"point":{"x":20,"y":18}}] | C22: [{"id": | D22: 204 | E22: ,"num": | F22: 6 | G22: ,"point":{"x":25,"y":35}}, {"id": | H22: =D22 -> 204 | I22: , "num": | J22: 5 | K22: ,"point":{"x":33,"y":33}}, {"id": | L22: 231 | M22: , "num": | N22: 6 | O22: ,"point":{"x":20,"y":18}}]
A23: 1408029 | B23: =CONCATENATE(C23,D23,E23,F23,G23,H23,I23,J23,K23,L23,M23,N23,O23,P23,Q23,R23,S23) -> [{"id":205,"num":6,"point":{"x":15,"y":35}}, {"id":205, "num":6,"point":{"x":26,"y":39}}, {"id":231, "num":6,"point":{"x":36,"y":37}}] | C23: [{"id": | D23: 205 | E23: ,"num": | F23: 6 | G23: ,"point":{"x":15,"y":35}}, {"id": | H23: =D23 -> 205 | I23: , "num": | J23: 6 | K23: ,"point":{"x":26,"y":39}}, {"id": | L23: 231 | M23: , "num": | N23: 6 | O23: ,"point":{"x":36,"y":37}}]
A24: 1408030 | B24: =CONCATENATE(C24,D24,E24,F24,G24,H24,I24,J24,K24,L24,M24,N24,O24,P24,Q24,R24,S24) -> [{"id":206,"num":6,"point":{"x":15,"y":35}}, {"id":206, "num":6,"point":{"x":26,"y":39}}, {"id":231, "num":7,"point":{"x":36,"y":37}}, {"id":261, "num":1,"point":{"x":25,"y":42}}] | C24: [{"id": | D24: 206 | E24: ,"num": | F24: 6 | G24: ,"point":{"x":15,"y":35}}, {"id": | H24: =D24 -> 206 | I24: , "num": | J24: 6 | K24: ,"point":{"x":26,"y":39}}, {"id": | L24: 231 | M24: , "num": | N24: 7 | O24: ,"point":{"x":36,"y":37}}, {"id": | P24: 261 | Q24: , "num": | R24: =IF(R14=0,"",R14) -> 1 | S24: ,"point":{"x":25,"y":42}}]
A25: 1408031 | B25: =CONCATENATE(C25,D25,E25,F25,G25,H25,I25,J25,K25,L25,M25,N25,O25,P25,Q25,R25,S25) -> [{"id":204,"num":2,"point":{"x":24,"y":37}}, {"id":204, "num":2,"point":{"x":15,"y":35}}, {"id":232, "num":3,"point":{"x":33,"y":33}}] | C25: [{"id": | D25: 204 | E25: ,"num": | F25: =F15 -> 2 | G25: =G15 -> ,"point":{"x":24,"y":37}}, {"id": | H25: =D25 -> 204 | I25: , "num": | J25: =J15 -> 2 | K25: =K15 -> ,"point":{"x":15,"y":35}}, {"id": | L25: =L15+1 -> 232 | M25: , "num": | N25: =N15 -> 3 | O25: =O15 -> ,"point":{"x":33,"y":33}}] | P25: =IF(P15=0,"",P15) | Q25: =IF(Q15=0,"",Q15) | R25: =IF(R15=0,"",R15) | S25: =IF(S15=0,"",S15)
A26: 1408032 | B26: =CONCATENATE(C26,D26,E26,F26,G26,H26,I26,J26,K26,L26,M26,N26,O26,P26,Q26,R26,S26) -> [{"id":204,"num":3,"point":{"x":24,"y":37}}, {"id":204, "num":2,"point":{"x":15,"y":35}}, {"id":232, "num":3,"point":{"x":33,"y":33}}] | C26: [{"id": | D26: 204 | E26: ,"num": | F26: =F16 -> 3 | G26: =G16 -> ,"point":{"x":24,"y":37}}, {"id": | H26: =D26 -> 204 | I26: , "num": | J26: =J16 -> 2 | K26: =K16 -> ,"point":{"x":15,"y":35}}, {"id": | L26: =L16+1 -> 232 | M26: , "num": | N26: =N16 -> 3 | O26: =O16 -> ,"point":{"x":33,"y":33}}] | Q26: =IF(Q16=0,"",Q16) | R26: =IF(R16=0,"",R16) | S26: =IF(S16=0,"",S16)
A27: 1408033 | B27: =CONCATENATE(C27,D27,E27,F27,G27,H27,I27,J27,K27,L27,M27,N27,O27,P27,Q27,R27,S27) -> [{"id":205,"num":3,"point":{"x":16,"y":38}}, {"id":205, "num":3,"point":{"x":35,"y":35}}, {"id":232, "num":4,"point":{"x":23,"y":12}}] | C27: [{"id": | D27: 205 | E27: ,"num": | F27: =F17 -> 3 | G27: =G17 -> ,"point":{"x":16,"y":38}}, {"id": | H27: =D27 -> 205 | I27: , "num": | J27: =J17 -> 3 | K27: =K17 -> ,"point":{"x":35,"y":35}}, {"id": | L27: =L17+1 -> 232 | M27: , "num": | N27: =N17 -> 4 | O27: =O17 -> ,"point":{"x":23,"y":12}}] | Q27: =IF(Q17=0,"",Q17) | R27: =IF(R17=0,"",R17) | S27: =IF(S17=0,"",S17)
A28: 1408034 | B28: =CONCATENATE(C28,D28,E28,F28,G28,H28,I28,J28,K28,L28,M28,N28,O28,P28,Q28,R28,S28) -> [{"id":205,"num":4,"point":{"x":16,"y":38}}, {"id":205, "num":3,"point":{"x":35,"y":35}}, {"id":232, "num":4,"point":{"x":23,"y":12}}] | C28: [{"id": | D28: 205 | E28: ,"num": | F28: =F18 -> 4 | G28: =G18 -> ,"point":{"x":16,"y":38}}, {"id": | H28: =D28 -> 205 | I28: , "num": | J28: =J18 -> 3 | K28: =K18 -> ,"point":{"x":35,"y":35}}, {"id": | L28: =L18+1 -> 232 | M28: , "num": | N28: =N18 -> 4 | O28: =O18 -> ,"point":{"x":23,"y":12}}] | Q28: =IF(Q18=0,"",Q18) | R28: =IF(R18=0,"",R18) | S28: =IF(S18=0,"",S18)
A29: 1408035 | B29: =CONCATENATE(C29,D29,E29,F29,G29,H29,I29,J29,K29,L29,M29,N29,O29,P29,Q29,R29,S29) -> [{"id":206,"num":4,"point":{"x":16,"y":20}}, {"id":206, "num":4,"point":{"x":25,"y":37}}, {"id":232, "num":5,"point":{"x":33,"y":16}}] | C29: [{"id": | D29: 206 | E29: ,"num": | F29: =F19 -> 4 | G29: =G19 -> ,"point":{"x":16,"y":20}}, {"id": | H29: =D29 -> 206 | I29: , "num": | J29: =J19 -> 4 | K29: =K19 -> ,"point":{"x":25,"y":37}}, {"id": | L29: =L19+1 -> 232 | M29: , "num": | N29: =N19 -> 5 | O29: =O19 -> ,"point":{"x":33,"y":16}}] | Q29: =IF(Q19=0,"",Q19) | R29: =IF(R19=0,"",R19) | S29: =IF(S19=0,"",S19)
A30: 1408036 | B30: =CONCATENATE(C30,D30,E30,F30,G30,H30,I30,J30,K30,L30,M30,N30,O30,P30,Q30,R30,S30) -> [{"id":206,"num":5,"point":{"x":16,"y":20}}, {"id":206, "num":4,"point":{"x":25,"y":37}}, {"id":232, "num":5,"point":{"x":33,"y":16}}] | C30: [{"id": | D30: 206 | E30: ,"num": | F30: =F20 -> 5 | G30: =G20 -> ,"point":{"x":16,"y":20}}, {"id": | H30: =D30 -> 206 | I30: , "num": | J30: =J20 -> 4 | K30: =K20 -> ,"point":{"x":25,"y":37}}, {"id": | L30: =L20+1 -> 232 | M30: , "num": | N30: =N20 -> 5 | O30: =O20 -> ,"point":{"x":33,"y":16}}] | Q30: =IF(Q20=0,"",Q20) | R30: =IF(R20=0,"",R20) | S30: =IF(S20=0,"",S20)
A31: 1408037 | B31: =CONCATENATE(C31,D31,E31,F31,G31,H31,I31,J31,K31,L31,M31,N31,O31,P31,Q31,R31,S31) -> [{"id":207,"num":5,"point":{"x":25,"y":35}}, {"id":207, "num":5,"point":{"x":33,"y":33}}, {"id":232, "num":6,"point":{"x":20,"y":18}}] | C31: [{"id": | D31: 207 | E31: ,"num": | F31: =F21 -> 5 | G31: =G21 -> ,"point":{"x":25,"y":35}}, {"id": | H31: =D31 -> 207 | I31: , "num": | J31: =J21 -> 5 | K31: =K21 -> ,"point":{"x":33,"y":33}}, {"id": | L31: =L21+1 -> 232 | M31: , "num": | N31: 6 | O31: =O21 -> ,"point":{"x":20,"y":18}}] | Q31: =IF(Q21=0,"",Q21) | R31: =IF(R21=0,"",R21) | S31: =IF(S21=0,"",S21)
A32: 1408038 | B32: =CONCATENATE(C32,D32,E32,F32,G32,H32,I32,J32,K32,L32,M32,N32,O32,P32,Q32,R32,S32) -> [{"id":207,"num":6,"point":{"x":25,"y":35}}, {"id":207, "num":5,"point":{"x":33,"y":33}}, {"id":232, "num":6,"point":{"x":20,"y":18}}] | C32: [{"id": | D32: 207 | E32: ,"num": | F32: =F22 -> 6 | G32: =G22 -> ,"point":{"x":25,"y":35}}, {"id": | H32: =D32 -> 207 | I32: , "num": | J32: =J22 -> 5 | K32: =K22 -> ,"point":{"x":33,"y":33}}, {"id": | L32: =L22+1 -> 232 | M32: , "num": | N32: =N22 -> 6 | O32: =O22 -> ,"point":{"x":20,"y":18}}] | Q32: =IF(Q22=0,"",Q22) | R32: =IF(R22=0,"",R22) | S32: =IF(S22=0,"",S22)
A33: 1408039 | B33: =CONCATENATE(C33,D33,E33,F33,G33,H33,I33,J33,K33,L33,M33,N33,O33,P33,Q33,R33,S33) -> [{"id":208,"num":6,"point":{"x":15,"y":35}}, {"id":208, "num":6,"point":{"x":26,"y":39}}, {"id":232, "num":7,"point":{"x":36,"y":37}}] | C33: [{"id": | D33: 208 | E33: ,"num": | F33: =F23 -> 6 | G33: =G23 -> ,"point":{"x":15,"y":35}}, {"id": | H33: =D33 -> 208 | I33: , "num": | J33: =J23 -> 6 | K33: =K23 -> ,"point":{"x":26,"y":39}}, {"id": | L33: =L23+1 -> 232 | M33: , "num": | N33: 7 | O33: =O23 -> ,"point":{"x":36,"y":37}}] | Q33: =IF(Q23=0,"",Q23) | R33: =IF(R23=0,"",R23) | S33: =IF(S23=0,"",S23)
A34: 1408040 | B34: =CONCATENATE(C34,D34,E34,F34,G34,H34,I34,J34,K34,L34,M34,N34,O34,P34,Q34,R34,S34) -> [{"id":209,"num":6,"point":{"x":15,"y":35}}, {"id":209, "num":6,"point":{"x":26,"y":39}}, {"id":232, "num":7,"point":{"x":36,"y":37}}, {"id":262, "num":1,"point":{"x":25,"y":42}}] | C34: [{"id": | D34: 209 | E34: ,"num": | F34: =F24 -> 6 | G34: =G24 -> ,"point":{"x":15,"y":35}}, {"id": | H34: =D34 -> 209 | I34: , "num": | J34: =J24 -> 6 | K34: =K24 -> ,"point":{"x":26,"y":39}}, {"id": | L34: =L24+1 -> 232 | M34: , "num": | N34: =N24 -> 7 | O34: =O24 -> ,"point":{"x":36,"y":37}}, {"id": | P34: 262 | Q34: =IF(Q24=0,"",Q24) -> , "num": | R34: =IF(R24=0,"",R24) -> 1 | S34: =IF(S24=0,"",S24) -> ,"point":{"x":25,"y":42}}]
A35: 1409001 | B35: =CONCATENATE(C35,D35,E35,F35,G35,H35,I35,J35,K35,L35,M35,N35,O35,P35,Q35,R35,S35) -> [{"id":207,"num":2,"point":{"x":24,"y":37}}, {"id":207, "num":2,"point":{"x":15,"y":35}}, {"id":233, "num":3,"point":{"x":33,"y":33}}] | C35: [{"id": | D35: =D34-2 -> 207 | E35: ,"num": | F35: =F25 -> 2 | G35: =G25 -> ,"point":{"x":24,"y":37}}, {"id": | H35: =D35 -> 207 | I35: , "num": | J35: =J25 -> 2 | K35: =K25 -> ,"point":{"x":15,"y":35}}, {"id": | L35: =L25+1 -> 233 | M35: , "num": | N35: =N25 -> 3 | O35: =O25 -> ,"point":{"x":33,"y":33}}] | Q35: =IF(Q25=0,"",Q25) | R35: =IF(R25=0,"",R25) | S35: =IF(S25=0,"",S25)
A36: 1409002 | B36: =CONCATENATE(C36,D36,E36,F36,G36,H36,I36,J36,K36,L36,M36,N36,O36,P36,Q36,R36,S36) -> [{"id":207,"num":3,"point":{"x":24,"y":37}}, {"id":207, "num":2,"point":{"x":15,"y":35}}, {"id":233, "num":3,"point":{"x":33,"y":33}}] | C36: [{"id": | D36: =D34-2 -> 207 | E36: ,"num": | F36: =F26 -> 3 | G36: =G26 -> ,"point":{"x":24,"y":37}}, {"id": | H36: =D36 -> 207 | I36: , "num": | J36: =J26 -> 2 | K36: =K26 -> ,"point":{"x":15,"y":35}}, {"id": | L36: =L26+1 -> 233 | M36: , "num": | N36: =N26 -> 3 | O36: =O26 -> ,"point":{"x":33,"y":33}}] | Q36: =IF(Q26=0,"",Q26) | R36: =IF(R26=0,"",R26) | S36: =IF(S26=0,"",S26)
A37: 1409003 | B37: =CONCATENATE(C37,D37,E37,F37,G37,H37,I37,J37,K37,L37,M37,N37,O37,P37,Q37,R37,S37) -> [{"id":208,"num":3,"point":{"x":16,"y":38}}, {"id":208, "num":3,"point":{"x":35,"y":35}}, {"id":233, "num":4,"point":{"x":23,"y":12}}] | C37: [{"id": | D37: =D34-1 -> 208 | E37: ,"num": | F37: =F27 -> 3 | G37: =G27 -> ,"point":{"x":16,"y":38}}, {"id": | H37: =D37 -> 208 | I37: , "num": | J37: =J27 -> 3 | K37: =K27 -> ,"point":{"x":35,"y":35}}, {"id": | L37: =L27+1 -> 233 | M37: , "num": | N37: =N27 -> 4 | O37: =O27 -> ,"point":{"x":23,"y":12}}] | Q37: =IF(Q27=0,"",Q27) | R37: =IF(R27=0,"",R27) | S37: =IF(S27=0,"",S27)
A38: 1409004 | B38: =CONCATENATE(C38,D38,E38,F38,G38,H38,I38,J38,K38,L38,M38,N38,O38,P38,Q38,R38,S38) -> [{"id":208,"num":4,"point":{"x":16,"y":38}}, {"id":208, "num":3,"point":{"x":35,"y":35}}, {"id":233, "num":4,"point":{"x":23,"y":12}}] | C38: [{"id": | D38: =D34-1 -> 208 | E38: ,"num": | F38: =F28 -> 4 | G38: =G28 -> ,"point":{"x":16,"y":38}}, {"id": | H38: =D38 -> 208 | I38: , "num": | J38: =J28 -> 3 | K38: =K28 -> ,"point":{"x":35,"y":35}}, {"id": | L38: =L28+1 -> 233 | M38: , "num": | N38: =N28 -> 4 | O38: =O28 -> ,"point":{"x":23,"y":12}}] | Q38: =IF(Q28=0,"",Q28) | R38: =IF(R28=0,"",R28) | S38: =IF(S28=0,"",S28)
A39: 1409005 | B39: =CONCATENATE(C39,D39,E39,F39,G39,H39,I39,J39,K39,L39,M39,N39,O39,P39,Q39,R39,S39) -> [{"id":209,"num":4,"point":{"x":16,"y":20}}, {"id":209, "num":4,"point":{"x":25,"y":37}}, {"id":233, "num":5,"point":{"x":36,"y":37}}, {"id":263,"point":{"x":25,"y":42}}] | C39: [{"id": | D39: =D34 -> 209 | E39: ,"num": | F39: =F29 -> 4 | G39: =G29 -> ,"point":{"x":16,"y":20}}, {"id": | H39: =D39 -> 209 | I39: , "num": | J39: =J29 -> 4 | K39: =K29 -> ,"point":{"x":25,"y":37}}, {"id": | L39: =L29+1 -> 233 | M39: , "num": | N39: =N29 -> 5 | O39: ,"point":{"x":36,"y":37}}, {"id": | P39: =P34+1 -> 263 | Q39: =IF(Q29=0,"",Q29) | R39: =IF(R29=0,"",R29) | S39: ,"point":{"x":25,"y":42}}]
A40: 1409006 | B40: =CONCATENATE(C40,D40,E40,F40,G40,H40,I40,J40,K40,L40,M40,N40,O40,P40,Q40,R40,S40) -> [{"id":210,"num":5,"point":{"x":16,"y":20}}, {"id":210, "num":4,"point":{"x":25,"y":37}}, {"id":234, "num":5,"point":{"x":33,"y":16}}] | C40: [{"id": | D40: =D34+1 -> 210 | E40: ,"num": | F40: =F30 -> 5 | G40: =G30 -> ,"point":{"x":16,"y":20}}, {"id": | H40: =D40 -> 210 | I40: , "num": | J40: =J30 -> 4 | K40: =K30 -> ,"point":{"x":25,"y":37}}, {"id": | L40: 234 | M40: , "num": | N40: =N30 -> 5 | O40: =O30 -> ,"point":{"x":33,"y":16}}] | Q40: =IF(Q30=0,"",Q30) | R40: =IF(R30=0,"",R30) | S40: =IF(S30=0,"",S30)
A41: 1409007 | B41: =CONCATENATE(C41,D41,E41,F41,G41,H41,I41,J41,K41,L41,M41,N41,O41,P41,Q41,R41,S41) -> [{"id":210,"num":5,"point":{"x":25,"y":35}}, {"id":210, "num":5,"point":{"x":33,"y":33}}, {"id":234, "num":6,"point":{"x":20,"y":18}}] | C41: [{"id": | D41: =D34+1 -> 210 | E41: ,"num": | F41: =F31 -> 5 | G41: =G31 -> ,"point":{"x":25,"y":35}}, {"id": | H41: =D41 -> 210 | I41: , "num": | J41: =J31 -> 5 | K41: =K31 -> ,"point":{"x":33,"y":33}}, {"id": | L41: 234 | M41: , "num": | N41: =N31 -> 6 | O41: =O31 -> ,"point":{"x":20,"y":18}}] | Q41: =IF(Q31=0,"",Q31) | R41: =IF(R31=0,"",R31) | S41: =IF(S31=0,"",S31)
A42: 1409008 | B42: =CONCATENATE(C42,D42,E42,F42,G42,H42,I42,J42,K42,L42,M42,N42,O42,P42,Q42,R42,S42) -> [{"id":211,"num":6,"point":{"x":25,"y":35}}, {"id":211, "num":5,"point":{"x":33,"y":33}}, {"id":234, "num":6,"point":{"x":20,"y":18}}] | C42: [{"id": | D42: =D34+2 -> 211 | E42: ,"num": | F42: =F32 -> 6 | G42: =G32 -> ,"point":{"x":25,"y":35}}, {"id": | H42: =D42 -> 211 | I42: , "num": | J42: =J32 -> 5 | K42: =K32 -> ,"point":{"x":33,"y":33}}, {"id": | L42: 234 | M42: , "num": | N42: =N32 -> 6 | O42: =O32 -> ,"point":{"x":20,"y":18}}] | Q42: =IF(Q32=0,"",Q32) | R42: =IF(R32=0,"",R32) | S42: =IF(S32=0,"",S32)
A43: 1409009 | B43: =CONCATENATE(C43,D43,E43,F43,G43,H43,I43,J43,K43,L43,M43,N43,O43,P43,Q43,R43,S43) -> [{"id":212,"num":6,"point":{"x":15,"y":35}}, {"id":212, "num":6,"point":{"x":26,"y":39}}, {"id":234, "num":7,"point":{"x":36,"y":37}}] | C43: [{"id": | D43: =D34+3 -> 212 | E43: ,"num": | F43: =F33 -> 6 | G43: =G33 -> ,"point":{"x":15,"y":35}}, {"id": | H43: =D43 -> 212 | I43: , "num": | J43: =J33 -> 6 | K43: =K33 -> ,"point":{"x":26,"y":39}}, {"id": | L43: 234 | M43: , "num": | N43: =N33 -> 7 | O43: =O33 -> ,"point":{"x":36,"y":37}}] | Q43: =IF(Q33=0,"",Q33) | R43: =IF(R33=0,"",R33) | S43: =IF(S33=0,"",S33)
A44: 1409010 | B44: =CONCATENATE(C44,D44,E44,F44,G44,H44,I44,J44,K44,L44,M44,N44,O44,P44,Q44,R44,S44) -> [{"id":213,"num":6,"point":{"x":15,"y":35}}, {"id":213, "num":6,"point":{"x":26,"y":39}}, {"id":234, "num":7,"point":{"x":36,"y":37}}, {"id":264, "num":1,"point":{"x":25,"y":42}}] | C44: [{"id": | D44: =D34+4 -> 213 | E44: ,"num": | F44: =F34 -> 6 | G44: =G34 -> ,"point":{"x":15,"y":35}}, {"id": | H44: =D44 -> 213 | I44: , "num": | J44: =J34 -> 6 | K44: =K34 -> ,"point":{"x":26,"y":39}}, {"id": | L44: 234 | M44: , "num": | N44: =N34 -> 7 | O44: ,"point":{"x":36,"y":37}}, {"id": | P44: =P39+1 -> 264 | Q44: =IF(Q34=0,"",Q34) -> , "num": | R44: =IF(R34=0,"",R34) -> 1 | S44: =IF(S34=0,"",S34) -> ,"point":{"x":25,"y":42}}]
A45: 1409011 | B45: =CONCATENATE(C45,D45,E45,F45,G45,H45,I45,J45,K45,L45,M45,N45,O45,P45,Q45,R45,S45) -> [{"id":211,"num":2,"point":{"x":24,"y":37}}, {"id":211, "num":2,"point":{"x":15,"y":35}}, {"id":235, "num":3,"point":{"x":33,"y":33}}] | C45: [{"id": | D45: =D44-2 -> 211 | E45: ,"num": | F45: =F35 -> 2 | G45: =G35 -> ,"point":{"x":24,"y":37}}, {"id": | H45: =D45 -> 211 | I45: , "num": | J45: =J35 -> 2 | K45: =K35 -> ,"point":{"x":15,"y":35}}, {"id": | L45: =L40+1 -> 235 | M45: , "num": | N45: =N35 -> 3 | O45: =O35 -> ,"point":{"x":33,"y":33}}] | Q45: =IF(Q35=0,"",Q35) | R45: =IF(R35=0,"",R35) | S45: =IF(S35=0,"",S35)
A46: 1409012 | B46: =CONCATENATE(C46,D46,E46,F46,G46,H46,I46,J46,K46,L46,M46,N46,O46,P46,Q46,R46,S46) -> [{"id":211,"num":3,"point":{"x":24,"y":37}}, {"id":211, "num":2,"point":{"x":15,"y":35}}, {"id":235, "num":3,"point":{"x":33,"y":33}}] | C46: [{"id": | D46: =D44-2 -> 211 | E46: ,"num": | F46: =F36 -> 3 | G46: =G36 -> ,"point":{"x":24,"y":37}}, {"id": | H46: =D46 -> 211 | I46: , "num": | J46: =J36 -> 2 | K46: =K36 -> ,"point":{"x":15,"y":35}}, {"id": | L46: =L41+1 -> 235 | M46: , "num": | N46: =N36 -> 3 | O46: =O36 -> ,"point":{"x":33,"y":33}}] | Q46: =IF(Q36=0,"",Q36) | R46: =IF(R36=0,"",R36) | S46: =IF(S36=0,"",S36)
A47: 1409013 | B47: =CONCATENATE(C47,D47,E47,F47,G47,H47,I47,J47,K47,L47,M47,N47,O47,P47,Q47,R47,S47) -> [{"id":212,"num":3,"point":{"x":16,"y":38}}, {"id":212, "num":3,"point":{"x":35,"y":35}}, {"id":235, "num":4,"point":{"x":23,"y":12}}] | C47: [{"id": | D47: =D44-1 -> 212 | E47: ,"num": | F47: =F37 -> 3 | G47: =G37 -> ,"point":{"x":16,"y":38}}, {"id": | H47: =D47 -> 212 | I47: , "num": | J47: =J37 -> 3 | K47: =K37 -> ,"point":{"x":35,"y":35}}, {"id": | L47: =L42+1 -> 235 | M47: , "num": | N47: =N37 -> 4 | O47: =O37 -> ,"point":{"x":23,"y":12}}] | Q47: =IF(Q37=0,"",Q37) | R47: =IF(R37=0,"",R37) | S47: =IF(S37=0,"",S37)
A48: 1409014 | B48: =CONCATENATE(C48,D48,E48,F48,G48,H48,I48,J48,K48,L48,M48,N48,O48,P48,Q48,R48,S48) -> [{"id":212,"num":4,"point":{"x":16,"y":38}}, {"id":212, "num":3,"point":{"x":35,"y":35}}, {"id":235, "num":4,"point":{"x":23,"y":12}}] | C48: [{"id": | D48: =D44-1 -> 212 | E48: ,"num": | F48: =F38 -> 4 | G48: =G38 -> ,"point":{"x":16,"y":38}}, {"id": | H48: =D48 -> 212 | I48: , "num": | J48: =J38 -> 3 | K48: =K38 -> ,"point":{"x":35,"y":35}}, {"id": | L48: =L43+1 -> 235 | M48: , "num": | N48: =N38 -> 4 | O48: =O38 -> ,"point":{"x":23,"y":12}}] | Q48: =IF(Q38=0,"",Q38) | R48: =IF(R38=0,"",R38) | S48: =IF(S38=0,"",S38)
A49: 1409015 | B49: =CONCATENATE(C49,D49,E49,F49,G49,H49,I49,J49,K49,L49,M49,N49,O49,P49,Q49,R49,S49) -> [{"id":213,"num":4,"point":{"x":16,"y":20}}, {"id":213, "num":4,"point":{"x":25,"y":37}}, {"id":235, "num":5,"point":{"x":36,"y":37}}, {"id":265,"point":{"x":25,"y":42}}] | C49: [{"id": | D49: =D44 -> 213 | E49: ,"num": | F49: =F39 -> 4 | G49: =G39 -> ,"point":{"x":16,"y":20}}, {"id": | H49: =D49 -> 213 | I49: , "num": | J49: =J39 -> 4 | K49: =K39 -> ,"point":{"x":25,"y":37}}, {"id": | L49: =L44+1 -> 235 | M49: , "num": | N49: =N39 -> 5 | O49: ,"point":{"x":36,"y":37}}, {"id": | P49: =P44+1 -> 265 | Q49: =IF(Q39=0,"",Q39) | R49: =IF(R39=0,"",R39) | S49: ,"point":{"x":25,"y":42}}]
A50: 1409016 | B50: =CONCATENATE(C50,D50,E50,F50,G50,H50,I50,J50,K50,L50,M50,N50,O50,P50,Q50,R50,S50) -> [{"id":214,"num":5,"point":{"x":16,"y":20}}, {"id":214, "num":4,"point":{"x":25,"y":37}}, {"id":236, "num":5,"point":{"x":33,"y":16}}] | C50: [{"id": | D50: =D44+1 -> 214 | E50: ,"num": | F50: =F40 -> 5 | G50: =G40 -> ,"point":{"x":16,"y":20}}, {"id": | H50: =D50 -> 214 | I50: , "num": | J50: =J40 -> 4 | K50: =K40 -> ,"point":{"x":25,"y":37}}, {"id": | L50: =L45+1 -> 236 | M50: , "num": | N50: =N40 -> 5 | O50: =O40 -> ,"point":{"x":33,"y":16}}] | Q50: =IF(Q40=0,"",Q40) | R50: =IF(R40=0,"",R40) | S50: =IF(S40=0,"",S40)
A51: 1409017 | B51: =CONCATENATE(C51,D51,E51,F51,G51,H51,I51,J51,K51,L51,M51,N51,O51,P51,Q51,R51,S51) -> [{"id":214,"num":5,"point":{"x":25,"y":35}}, {"id":214, "num":5,"point":{"x":33,"y":33}}, {"id":236, "num":6,"point":{"x":20,"y":18}}] | C51: [{"id": | D51: =D44+1 -> 214 | E51: ,"num": | F51: =F41 -> 5 | G51: =G41 -> ,"point":{"x":25,"y":35}}, {"id": | H51: =D51 -> 214 | I51: , "num": | J51: =J41 -> 5 | K51: =K41 -> ,"point":{"x":33,"y":33}}, {"id": | L51: =L46+1 -> 236 | M51: , "num": | N51: =N41 -> 6 | O51: =O41 -> ,"point":{"x":20,"y":18}}] | Q51: =IF(Q41=0,"",Q41) | R51: =IF(R41=0,"",R41) | S51: =IF(S41=0,"",S41)
A52: 1409018 | B52: =CONCATENATE(C52,D52,E52,F52,G52,H52,I52,J52,K52,L52,M52,N52,O52,P52,Q52,R52,S52) -> [{"id":215,"num":6,"point":{"x":25,"y":35}}, {"id":215, "num":5,"point":{"x":33,"y":33}}, {"id":236, "num":6,"point":{"x":20,"y":18}}] | C52: [{"id": | D52: =D44+2 -> 215 | E52: ,"num": | F52: =F42 -> 6 | G52: =G42 -> ,"point":{"x":25,"y":35}}, {"id": | H52: =D52 -> 215 | I52: , "num": | J52: =J42 -> 5 | K52: =K42 -> ,"point":{"x":33,"y":33}}, {"id": | L52: =L47+1 -> 236 | M52: , "num": | N52: =N42 -> 6 | O52: =O42 -> ,"point":{"x":20,"y":18}}] | Q52: =IF(Q42=0,"",Q42) | R52: =IF(R42=0,"",R42) | S52: =IF(S42=0,"",S42)
A53: 1409019 | B53: =CONCATENATE(C53,D53,E53,F53,G53,H53,I53,J53,K53,L53,M53,N53,O53,P53,Q53,R53,S53) -> [{"id":216,"num":6,"point":{"x":15,"y":35}}, {"id":216, "num":6,"point":{"x":26,"y":39}}, {"id":236, "num":7,"point":{"x":36,"y":37}}] | C53: [{"id": | D53: =D44+3 -> 216 | E53: ,"num": | F53: =F43 -> 6 | G53: =G43 -> ,"point":{"x":15,"y":35}}, {"id": | H53: =D53 -> 216 | I53: , "num": | J53: =J43 -> 6 | K53: =K43 -> ,"point":{"x":26,"y":39}}, {"id": | L53: =L48+1 -> 236 | M53: , "num": | N53: =N43 -> 7 | O53: =O43 -> ,"point":{"x":36,"y":37}}] | Q53: =IF(Q43=0,"",Q43) | R53: =IF(R43=0,"",R43) | S53: =IF(S43=0,"",S43)
A54: 1409020 | B54: =CONCATENATE(C54,D54,E54,F54,G54,H54,I54,J54,K54,L54,M54,N54,O54,P54,Q54,R54,S54) -> [{"id":217,"num":6,"point":{"x":15,"y":35}}, {"id":217, "num":6,"point":{"x":26,"y":39}}, {"id":236, "num":7,"point":{"x":36,"y":37}}, {"id":266, "num":1,"point":{"x":25,"y":42}}] | C54: [{"id": | D54: =D44+4 -> 217 | E54: ,"num": | F54: =F44 -> 6 | G54: =G44 -> ,"point":{"x":15,"y":35}}, {"id": | H54: =D54 -> 217 | I54: , "num": | J54: =J44 -> 6 | K54: =K44 -> ,"point":{"x":26,"y":39}}, {"id": | L54: =L49+1 -> 236 | M54: , "num": | N54: =N44 -> 7 | O54: ,"point":{"x":36,"y":37}}, {"id": | P54: =P49+1 -> 266 | Q54: =IF(Q44=0,"",Q44) -> , "num": | R54: =IF(R44=0,"",R44) -> 1 | S54: =IF(S44=0,"",S44) -> ,"point":{"x":25,"y":42}}]
A55: 1409021 | B55: =CONCATENATE(C55,D55,E55,F55,G55,H55,I55,J55,K55,L55,M55,N55,O55,P55,Q55,R55,S55) -> [{"id":215,"num":2,"point":{"x":24,"y":37}}, {"id":215, "num":2,"point":{"x":15,"y":35}}, {"id":237, "num":3,"point":{"x":33,"y":33}}] | C55: [{"id": | D55: =D54-2 -> 215 | E55: ,"num": | F55: =F45 -> 2 | G55: =G45 -> ,"point":{"x":24,"y":37}}, {"id": | H55: =D55 -> 215 | I55: , "num": | J55: =J45 -> 2 | K55: =K45 -> ,"point":{"x":15,"y":35}}, {"id": | L55: =L50+1 -> 237 | M55: , "num": | N55: =N45 -> 3 | O55: =O45 -> ,"point":{"x":33,"y":33}}] | Q55: =IF(Q45=0,"",Q45) | R55: =IF(R45=0,"",R45) | S55: =IF(S45=0,"",S45)
A56: 1409022 | B56: =CONCATENATE(C56,D56,E56,F56,G56,H56,I56,J56,K56,L56,M56,N56,O56,P56,Q56,R56,S56) -> [{"id":215,"num":3,"point":{"x":24,"y":37}}, {"id":215, "num":2,"point":{"x":15,"y":35}}, {"id":237, "num":3,"point":{"x":33,"y":33}}] | C56: [{"id": | D56: =D54-2 -> 215 | E56: ,"num": | F56: =F46 -> 3 | G56: =G46 -> ,"point":{"x":24,"y":37}}, {"id": | H56: =D56 -> 215 | I56: , "num": | J56: =J46 -> 2 | K56: =K46 -> ,"point":{"x":15,"y":35}}, {"id": | L56: =L51+1 -> 237 | M56: , "num": | N56: =N46 -> 3 | O56: =O46 -> ,"point":{"x":33,"y":33}}] | Q56: =IF(Q46=0,"",Q46) | R56: =IF(R46=0,"",R46) | S56: =IF(S46=0,"",S46)
A57: 1409023 | B57: =CONCATENATE(C57,D57,E57,F57,G57,H57,I57,J57,K57,L57,M57,N57,O57,P57,Q57,R57,S57) -> [{"id":216,"num":3,"point":{"x":16,"y":38}}, {"id":216, "num":3,"point":{"x":35,"y":35}}, {"id":237, "num":4,"point":{"x":23,"y":12}}] | C57: [{"id": | D57: =D54-1 -> 216 | E57: ,"num": | F57: =F47 -> 3 | G57: =G47 -> ,"point":{"x":16,"y":38}}, {"id": | H57: =D57 -> 216 | I57: , "num": | J57: =J47 -> 3 | K57: =K47 -> ,"point":{"x":35,"y":35}}, {"id": | L57: =L52+1 -> 237 | M57: , "num": | N57: =N47 -> 4 | O57: =O47 -> ,"point":{"x":23,"y":12}}] | Q57: =IF(Q47=0,"",Q47) | R57: =IF(R47=0,"",R47) | S57: =IF(S47=0,"",S47)
A58: 1409024 | B58: =CONCATENATE(C58,D58,E58,F58,G58,H58,I58,J58,K58,L58,M58,N58,O58,P58,Q58,R58,S58) -> [{"id":216,"num":4,"point":{"x":16,"y":38}}, {"id":216, "num":3,"point":{"x":35,"y":35}}, {"id":237, "num":4,"point":{"x":23,"y":12}}] | C58: [{"id": | D58: =D54-1 -> 216 | E58: ,"num": | F58: =F48 -> 4 | G58: =G48 -> ,"point":{"x":16,"y":38}}, {"id": | H58: =D58 -> 216 | I58: , "num": | J58: =J48 -> 3 | K58: =K48 -> ,"point":{"x":35,"y":35}}, {"id": | L58: =L53+1 -> 237 | M58: , "num": | N58: =N48 -> 4 | O58: =O48 -> ,"point":{"x":23,"y":12}}] | Q58: =IF(Q48=0,"",Q48) | R58: =IF(R48=0,"",R48) | S58: =IF(S48=0,"",S48)
A59: 1409025 | B59: =CONCATENATE(C59,D59,E59,F59,G59,H59,I59,J59,K59,L59,M59,N59,O59,P59,Q59,R59,S59) -> [{"id":217,"num":4,"point":{"x":16,"y":20}}, {"id":217, "num":4,"point":{"x":25,"y":37}}, {"id":237, "num":5,"point":{"x":36,"y":37}}, {"id":267,"point":{"x":25,"y":42}}] | C59: [{"id": | D59: =D54 -> 217 | E59: ,"num": | F59: =F49 -> 4 | G59: =G49 -> ,"point":{"x":16,"y":20}}, {"id": | H59: =D59 -> 217 | I59: , "num": | J59: =J49 -> 4 | K59: =K49 -> ,"point":{"x":25,"y":37}}, {"id": | L59: =L54+1 -> 237 | M59: , "num": | N59: =N49 -> 5 | O59: =O49 -> ,"point":{"x":36,"y":37}}, {"id": | P59: =P54+1 -> 267 | Q59: =IF(Q49=0,"",Q49) | R59: =IF(R49=0,"",R49) | S59: ,"point":{"x":25,"y":42}}]
A60: 1409026 | B60: =CONCATENATE(C60,D60,E60,F60,G60,H60,I60,J60,K60,L60,M60,N60,O60,P60,Q60,R60,S60) -> [{"id":218,"num":5,"point":{"x":16,"y":20}}, {"id":218, "num":4,"point":{"x":25,"y":37}}, {"id":238, "num":5,"point":{"x":33,"y":16}}] | C60: [{"id": | D60: =D54+1 -> 218 | E60: ,"num": | F60: =F50 -> 5 | G60: =G50 -> ,"point":{"x":16,"y":20}}, {"id": | H60: =D60 -> 218 | I60: , "num": | J60: =J50 -> 4 | K60: =K50 -> ,"point":{"x":25,"y":37}}, {"id": | L60: =L55+1 -> 238 | M60: , "num": | N60: =N50 -> 5 | O60: =O50 -> ,"point":{"x":33,"y":16}}] | Q60: =IF(Q50=0,"",Q50) | R60: =IF(R50=0,"",R50) | S60: =IF(S50=0,"",S50)
A61: 1409027 | B61: =CONCATENATE(C61,D61,E61,F61,G61,H61,I61,J61,K61,L61,M61,N61,O61,P61,Q61,R61,S61) -> [{"id":218,"num":5,"point":{"x":25,"y":35}}, {"id":218, "num":5,"point":{"x":33,"y":33}}, {"id":238, "num":6,"point":{"x":20,"y":18}}] | C61: [{"id": | D61: =D54+1 -> 218 | E61: ,"num": | F61: =F51 -> 5 | G61: =G51 -> ,"point":{"x":25,"y":35}}, {"id": | H61: =D61 -> 218 | I61: , "num": | J61: =J51 -> 5 | K61: =K51 -> ,"point":{"x":33,"y":33}}, {"id": | L61: =L56+1 -> 238 | M61: , "num": | N61: =N51 -> 6 | O61: =O51 -> ,"point":{"x":20,"y":18}}] | Q61: =IF(Q51=0,"",Q51) | R61: =IF(R51=0,"",R51) | S61: =IF(S51=0,"",S51)
A62: 1409028 | B62: =CONCATENATE(C62,D62,E62,F62,G62,H62,I62,J62,K62,L62,M62,N62,O62,P62,Q62,R62,S62) -> [{"id":219,"num":6,"point":{"x":25,"y":35}}, {"id":219, "num":5,"point":{"x":33,"y":33}}, {"id":238, "num":6,"point":{"x":20,"y":18}}] | C62: [{"id": | D62: =D54+2 -> 219 | E62: ,"num": | F62: =F52 -> 6 | G62: =G52 -> ,"point":{"x":25,"y":35}}, {"id": | H62: =D62 -> 219 | I62: , "num": | J62: =J52 -> 5 | K62: =K52 -> ,"point":{"x":33,"y":33}}, {"id": | L62: =L57+1 -> 238 | M62: , "num": | N62: =N52 -> 6 | O62: =O52 -> ,"point":{"x":20,"y":18}}] | Q62: =IF(Q52=0,"",Q52) | R62: =IF(R52=0,"",R52) | S62: =IF(S52=0,"",S52)
A63: 1409029 | B63: =CONCATENATE(C63,D63,E63,F63,G63,H63,I63,J63,K63,L63,M63,N63,O63,P63,Q63,R63,S63) -> [{"id":220,"num":6,"point":{"x":15,"y":35}}, {"id":220, "num":6,"point":{"x":26,"y":39}}, {"id":238, "num":7,"point":{"x":36,"y":37}}] | C63: [{"id": | D63: =D54+3 -> 220 | E63: ,"num": | F63: =F53 -> 6 | G63: =G53 -> ,"point":{"x":15,"y":35}}, {"id": | H63: =D63 -> 220 | I63: , "num": | J63: =J53 -> 6 | K63: =K53 -> ,"point":{"x":26,"y":39}}, {"id": | L63: =L58+1 -> 238 | M63: , "num": | N63: =N53 -> 7 | O63: =O53 -> ,"point":{"x":36,"y":37}}] | Q63: =IF(Q53=0,"",Q53) | R63: =IF(R53=0,"",R53) | S63: =IF(S53=0,"",S53)
A64: 1409030 | B64: =CONCATENATE(C64,D64,E64,F64,G64,H64,I64,J64,K64,L64,M64,N64,O64,P64,Q64,R64,S64) -> [{"id":221,"num":6,"point":{"x":15,"y":35}}, {"id":221, "num":6,"point":{"x":26,"y":39}}, {"id":238, "num":7,"point":{"x":36,"y":37}}, {"id":268, "num":1,"point":{"x":25,"y":42}}] | C64: [{"id": | D64: =D54+4 -> 221 | E64: ,"num": | F64: =F54 -> 6 | G64: =G54 -> ,"point":{"x":15,"y":35}}, {"id": | H64: =D64 -> 221 | I64: , "num": | J64: =J54 -> 6 | K64: =K54 -> ,"point":{"x":26,"y":39}}, {"id": | L64: =L59+1 -> 238 | M64: , "num": | N64: =N54 -> 7 | O64: =O54 -> ,"point":{"x":36,"y":37}}, {"id": | P64: =P59+1 -> 268 | Q64: =IF(Q54=0,"",Q54) -> , "num": | R64: =IF(R54=0,"",R54) -> 1 | S64: =IF(S54=0,"",S54) -> ,"point":{"x":25,"y":42}}]
A65: 1409031 | B65: =CONCATENATE(C65,D65,E65,F65,G65,H65,I65,J65,K65,L65,M65,N65,O65,P65,Q65,R65,S65) -> [{"id":219,"num":2,"point":{"x":24,"y":37}}, {"id":219, "num":2,"point":{"x":15,"y":35}}, {"id":239, "num":3,"point":{"x":33,"y":33}}] | C65: [{"id": | D65: =D64-2 -> 219 | E65: ,"num": | F65: =F55 -> 2 | G65: =G55 -> ,"point":{"x":24,"y":37}}, {"id": | H65: =D65 -> 219 | I65: , "num": | J65: =J55 -> 2 | K65: =K55 -> ,"point":{"x":15,"y":35}}, {"id": | L65: =L60+1 -> 239 | M65: , "num": | N65: =N55 -> 3 | O65: =O55 -> ,"point":{"x":33,"y":33}}] | Q65: =IF(Q55=0,"",Q55) | R65: =IF(R55=0,"",R55) | S65: =IF(S55=0,"",S55)
A66: 1409032 | B66: =CONCATENATE(C66,D66,E66,F66,G66,H66,I66,J66,K66,L66,M66,N66,O66,P66,Q66,R66,S66) -> [{"id":219,"num":3,"point":{"x":24,"y":37}}, {"id":219, "num":2,"point":{"x":15,"y":35}}, {"id":239, "num":3,"point":{"x":33,"y":33}}] | C66: [{"id": | D66: =D64-2 -> 219 | E66: ,"num": | F66: =F56 -> 3 | G66: =G56 -> ,"point":{"x":24,"y":37}}, {"id": | H66: =D66 -> 219 | I66: , "num": | J66: =J56 -> 2 | K66: =K56 -> ,"point":{"x":15,"y":35}}, {"id": | L66: =L61+1 -> 239 | M66: , "num": | N66: =N56 -> 3 | O66: =O56 -> ,"point":{"x":33,"y":33}}] | Q66: =IF(Q56=0,"",Q56) | R66: =IF(R56=0,"",R56) | S66: =IF(S56=0,"",S56)
A67: 1409033 | B67: =CONCATENATE(C67,D67,E67,F67,G67,H67,I67,J67,K67,L67,M67,N67,O67,P67,Q67,R67,S67) -> [{"id":220,"num":3,"point":{"x":16,"y":38}}, {"id":220, "num":3,"point":{"x":35,"y":35}}, {"id":239, "num":4,"point":{"x":23,"y":12}}] | C67: [{"id": | D67: =D64-1 -> 220 | E67: ,"num": | F67: =F57 -> 3 | G67: =G57 -> ,"point":{"x":16,"y":38}}, {"id": | H67: =D67 -> 220 | I67: , "num": | J67: =J57 -> 3 | K67: =K57 -> ,"point":{"x":35,"y":35}}, {"id": | L67: =L62+1 -> 239 | M67: , "num": | N67: =N57 -> 4 | O67: =O57 -> ,"point":{"x":23,"y":12}}] | Q67: =IF(Q57=0,"",Q57) | R67: =IF(R57=0,"",R57) | S67: =IF(S57=0,"",S57)
A68: 1409034 | B68: =CONCATENATE(C68,D68,E68,F68,G68,H68,I68,J68,K68,L68,M68,N68,O68,P68,Q68,R68,S68) -> [{"id":220,"num":4,"point":{"x":16,"y":38}}, {"id":220, "num":3,"point":{"x":35,"y":35}}, {"id":239, "num":4,"point":{"x":23,"y":12}}] | C68: [{"id": | D68: =D64-1 -> 220 | E68: ,"num": | F68: =F58 -> 4 | G68: =G58 -> ,"point":{"x":16,"y":38}}, {"id": | H68: =D68 -> 220 | I68: , "num": | J68: =J58 -> 3 | K68: =K58 -> ,"point":{"x":35,"y":35}}, {"id": | L68: =L63+1 -> 239 | M68: , "num": | N68: =N58 -> 4 | O68: =O58 -> ,"point":{"x":23,"y":12}}] | Q68: =IF(Q58=0,"",Q58) | R68: =IF(R58=0,"",R58) | S68: =IF(S58=0,"",S58)
A69: 1409035 | B69: =CONCATENATE(C69,D69,E69,F69,G69,H69,I69,J69,K69,L69,M69,N69,O69,P69,Q69,R69,S69) -> [{"id":221,"num":4,"point":{"x":16,"y":20}}, {"id":221, "num":4,"point":{"x":25,"y":37}}, {"id":239, "num":5,"point":{"x":36,"y":37}}, {"id":269,"point":{"x":25,"y":42}}] | C69: [{"id": | D69: =D64 -> 221 | E69: ,"num": | F69: =F59 -> 4 | G69: =G59 -> ,"point":{"x":16,"y":20}}, {"id": | H69: =D69 -> 221 | I69: , "num": | J69: =J59 -> 4 | K69: =K59 -> ,"point":{"x":25,"y":37}}, {"id": | L69: =L64+1 -> 239 | M69: , "num": | N69: =N59 -> 5 | O69: =O59 -> ,"point":{"x":36,"y":37}}, {"id": | P69: =P64+1 -> 269 | Q69: =IF(Q59=0,"",Q59) | R69: =IF(R59=0,"",R59) | S69: ,"point":{"x":25,"y":42}}]
A70: 1409036 | B70: =CONCATENATE(C70,D70,E70,F70,G70,H70,I70,J70,K70,L70,M70,N70,O70,P70,Q70,R70,S70) -> [{"id":222,"num":5,"point":{"x":16,"y":20}}, {"id":222, "num":4,"point":{"x":25,"y":37}}, {"id":240, "num":5,"point":{"x":33,"y":16}}] | C70: [{"id": | D70: =D64+1 -> 222 | E70: ,"num": | F70: =F60 -> 5 | G70: =G60 -> ,"point":{"x":16,"y":20}}, {"id": | H70: =D70 -> 222 | I70: , "num": | J70: =J60 -> 4 | K70: =K60 -> ,"point":{"x":25,"y":37}}, {"id": | L70: =L65+1 -> 240 | M70: , "num": | N70: =N60 -> 5 | O70: =O60 -> ,"point":{"x":33,"y":16}}] | Q70: =IF(Q60=0,"",Q60) | R70: =IF(R60=0,"",R60) | S70: =IF(S60=0,"",S60)
A71: 1409037 | B71: =CONCATENATE(C71,D71,E71,F71,G71,H71,I71,J71,K71,L71,M71,N71,O71,P71,Q71,R71,S71) -> [{"id":222,"num":5,"point":{"x":25,"y":35}}, {"id":222, "num":5,"point":{"x":33,"y":33}}, {"id":240, "num":6,"point":{"x":20,"y":18}}] | C71: [{"id": | D71: =D64+1 -> 222 | E71: ,"num": | F71: =F61 -> 5 | G71: =G61 -> ,"point":{"x":25,"y":35}}, {"id": | H71: =D71 -> 222 | I71: , "num": | J71: =J61 -> 5 | K71: =K61 -> ,"point":{"x":33,"y":33}}, {"id": | L71: =L66+1 -> 240 | M71: , "num": | N71: =N61 -> 6 | O71: =O61 -> ,"point":{"x":20,"y":18}}] | Q71: =IF(Q61=0,"",Q61) | R71: =IF(R61=0,"",R61) | S71: =IF(S61=0,"",S61)
A72: 1409038 | B72: =CONCATENATE(C72,D72,E72,F72,G72,H72,I72,J72,K72,L72,M72,N72,O72,P72,Q72,R72,S72) -> [{"id":223,"num":6,"point":{"x":25,"y":35}}, {"id":223, "num":5,"point":{"x":33,"y":33}}, {"id":240, "num":6,"point":{"x":20,"y":18}}] | C72: [{"id": | D72: =D64+2 -> 223 | E72: ,"num": | F72: =F62 -> 6 | G72: =G62 -> ,"point":{"x":25,"y":35}}, {"id": | H72: =D72 -> 223 | I72: , "num": | J72: =J62 -> 5 | K72: =K62 -> ,"point":{"x":33,"y":33}}, {"id": | L72: =L67+1 -> 240 | M72: , "num": | N72: =N62 -> 6 | O72: =O62 -> ,"point":{"x":20,"y":18}}] | Q72: =IF(Q62=0,"",Q62) | R72: =IF(R62=0,"",R62) | S72: =IF(S62=0,"",S62)
A73: 1409039 | B73: =CONCATENATE(C73,D73,E73,F73,G73,H73,I73,J73,K73,L73,M73,N73,O73,P73,Q73,R73,S73) -> [{"id":224,"num":6,"point":{"x":15,"y":35}}, {"id":224, "num":6,"point":{"x":26,"y":39}}, {"id":240, "num":7,"point":{"x":36,"y":37}}] | C73: [{"id": | D73: =D64+3 -> 224 | E73: ,"num": | F73: =F63 -> 6 | G73: =G63 -> ,"point":{"x":15,"y":35}}, {"id": | H73: =D73 -> 224 | I73: , "num": | J73: =J63 -> 6 | K73: =K63 -> ,"point":{"x":26,"y":39}}, {"id": | L73: =L68+1 -> 240 | M73: , "num": | N73: =N63 -> 7 | O73: =O63 -> ,"point":{"x":36,"y":37}}] | Q73: =IF(Q63=0,"",Q63) | R73: =IF(R63=0,"",R63) | S73: =IF(S63=0,"",S63)
A74: 1409040 | B74: =CONCATENATE(C74,D74,E74,F74,G74,H74,I74,J74,K74,L74,M74,N74,O74,P74,Q74,R74,S74) -> [{"id":225,"num":6,"point":{"x":15,"y":35}}, {"id":225, "num":6,"point":{"x":26,"y":39}}, {"id":240, "num":7,"point":{"x":36,"y":37}}, {"id":270, "num":1,"point":{"x":25,"y":42}}] | C74: [{"id": | D74: =D64+4 -> 225 | E74: ,"num": | F74: =F64 -> 6 | G74: =G64 -> ,"point":{"x":15,"y":35}}, {"id": | H74: =D74 -> 225 | I74: , "num": | J74: =J64 -> 6 | K74: =K64 -> ,"point":{"x":26,"y":39}}, {"id": | L74: =L69+1 -> 240 | M74: , "num": | N74: =N64 -> 7 | O74: =O64 -> ,"point":{"x":36,"y":37}}, {"id": | P74: =P69+1 -> 270 | Q74: =IF(Q64=0,"",Q64) -> , "num": | R74: =IF(R64=0,"",R64) -> 1 | S74: =IF(S64=0,"",S64) -> ,"point":{"x":25,"y":42}}]
A75: 1410001 | B75: =CONCATENATE(C75,D75,E75,F75,G75,H75,I75,J75,K75,L75,M75,N75,O75,P75,Q75,R75,S75) -> [{"id":223,"num":2,"point":{"x":24,"y":37}}, {"id":223, "num":2,"point":{"x":15,"y":35}}, {"id":241, "num":3,"point":{"x":33,"y":33}}] | C75: [{"id": | D75: =D65+4 -> 223 | E75: ,"num": | F75: =F65 -> 2 | G75: =G65 -> ,"point":{"x":24,"y":37}}, {"id": | H75: =D75 -> 223 | I75: , "num": | J75: =J65 -> 2 | K75: =K65 -> ,"point":{"x":15,"y":35}}, {"id": | L75: =L70+1 -> 241 | M75: , "num": | N75: =N65 -> 3 | O75: =O65 -> ,"point":{"x":33,"y":33}}] | Q75: =IF(Q65=0,"",Q65) | R75: =IF(R65=0,"",R65) | S75: =IF(S65=0,"",S65)
A76: 1410002 | B76: =CONCATENATE(C76,D76,E76,F76,G76,H76,I76,J76,K76,L76,M76,N76,O76,P76,Q76,R76,S76) -> [{"id":223,"num":3,"point":{"x":24,"y":37}}, {"id":223, "num":2,"point":{"x":15,"y":35}}, {"id":241, "num":3,"point":{"x":33,"y":33}}] | C76: [{"id": | D76: =D66+4 -> 223 | E76: ,"num": | F76: =F66 -> 3 | G76: =G66 -> ,"point":{"x":24,"y":37}}, {"id": | H76: =D76 -> 223 | I76: , "num": | J76: =J66 -> 2 | K76: =K66 -> ,"point":{"x":15,"y":35}}, {"id": | L76: =L71+1 -> 241 | M76: , "num": | N76: =N66 -> 3 | O76: =O66 -> ,"point":{"x":33,"y":33}}] | Q76: =IF(Q66=0,"",Q66) | R76: =IF(R66=0,"",R66) | S76: =IF(S66=0,"",S66)
A77: 1410003 | B77: =CONCATENATE(C77,D77,E77,F77,G77,H77,I77,J77,K77,L77,M77,N77,O77,P77,Q77,R77,S77) -> [{"id":224,"num":3,"point":{"x":16,"y":38}}, {"id":224, "num":3,"point":{"x":35,"y":35}}, {"id":241, "num":4,"point":{"x":23,"y":12}}] | C77: [{"id": | D77: =D67+4 -> 224 | E77: ,"num": | F77: =F67 -> 3 | G77: =G67 -> ,"point":{"x":16,"y":38}}, {"id": | H77: =D77 -> 224 | I77: , "num": | J77: =J67 -> 3 | K77: =K67 -> ,"point":{"x":35,"y":35}}, {"id": | L77: =L72+1 -> 241 | M77: , "num": | N77: =N67 -> 4 | O77: =O67 -> ,"point":{"x":23,"y":12}}] | Q77: =IF(Q67=0,"",Q67) | R77: =IF(R67=0,"",R67) | S77: =IF(S67=0,"",S67)
A78: 1410004 | B78: =CONCATENATE(C78,D78,E78,F78,G78,H78,I78,J78,K78,L78,M78,N78,O78,P78,Q78,R78,S78) -> [{"id":224,"num":4,"point":{"x":16,"y":38}}, {"id":224, "num":3,"point":{"x":35,"y":35}}, {"id":241, "num":4,"point":{"x":23,"y":12}}] | C78: [{"id": | D78: =D68+4 -> 224 | E78: ,"num": | F78: =F68 -> 4 | G78: =G68 -> ,"point":{"x":16,"y":38}}, {"id": | H78: =D78 -> 224 | I78: , "num": | J78: =J68 -> 3 | K78: =K68 -> ,"point":{"x":35,"y":35}}, {"id": | L78: =L73+1 -> 241 | M78: , "num": | N78: =N68 -> 4 | O78: =O68 -> ,"point":{"x":23,"y":12}}] | Q78: =IF(Q68=0,"",Q68) | R78: =IF(R68=0,"",R68) | S78: =IF(S68=0,"",S68)
A79: 1410005 | B79: =CONCATENATE(C79,D79,E79,F79,G79,H79,I79,J79,K79,L79,M79,N79,O79,P79,Q79,R79,S79) -> [{"id":225,"num":4,"point":{"x":16,"y":20}}, {"id":225, "num":4,"point":{"x":25,"y":37}}, {"id":241, "num":5,"point":{"x":36,"y":37}}, {"id":271,"point":{"x":25,"y":42}}] | C79: [{"id": | D79: =D69+4 -> 225 | E79: ,"num": | F79: =F69 -> 4 | G79: =G69 -> ,"point":{"x":16,"y":20}}, {"id": | H79: =D79 -> 225 | I79: , "num": | J79: =J69 -> 4 | K79: =K69 -> ,"point":{"x":25,"y":37}}, {"id": | L79: =L74+1 -> 241 | M79: , "num": | N79: =N69 -> 5 | O79: =O69 -> ,"point":{"x":36,"y":37}}, {"id": | P79: =P74+1 -> 271 | Q79: =IF(Q69=0,"",Q69) | R79: =IF(R69=0,"",R69) | S79: =IF(S69=0,"",S69) -> ,"point":{"x":25,"y":42}}]
A80: 1410006 | B80: =CONCATENATE(C80,D80,E80,F80,G80,H80,I80,J80,K80,L80,M80,N80,O80,P80,Q80,R80,S80) -> [{"id":226,"num":5,"point":{"x":16,"y":20}}, {"id":226, "num":4,"point":{"x":25,"y":37}}, {"id":242, "num":5,"point":{"x":33,"y":16}}] | C80: [{"id": | D80: =D70+4 -> 226 | E80: ,"num": | F80: =F70 -> 5 | G80: =G70 -> ,"point":{"x":16,"y":20}}, {"id": | H80: =D80 -> 226 | I80: , "num": | J80: =J70 -> 4 | K80: =K70 -> ,"point":{"x":25,"y":37}}, {"id": | L80: =L75+1 -> 242 | M80: , "num": | N80: =N70 -> 5 | O80: =O70 -> ,"point":{"x":33,"y":16}}] | Q80: =IF(Q70=0,"",Q70) | R80: =IF(R70=0,"",R70) | S80: =IF(S70=0,"",S70)
A81: 1410007 | B81: =CONCATENATE(C81,D81,E81,F81,G81,H81,I81,J81,K81,L81,M81,N81,O81,P81,Q81,R81,S81) -> [{"id":226,"num":5,"point":{"x":25,"y":35}}, {"id":226, "num":5,"point":{"x":33,"y":33}}, {"id":242, "num":6,"point":{"x":20,"y":18}}] | C81: [{"id": | D81: =D71+4 -> 226 | E81: ,"num": | F81: =F71 -> 5 | G81: =G71 -> ,"point":{"x":25,"y":35}}, {"id": | H81: =D81 -> 226 | I81: , "num": | J81: =J71 -> 5 | K81: =K71 -> ,"point":{"x":33,"y":33}}, {"id": | L81: =L76+1 -> 242 | M81: , "num": | N81: =N71 -> 6 | O81: =O71 -> ,"point":{"x":20,"y":18}}] | Q81: =IF(Q71=0,"",Q71) | R81: =IF(R71=0,"",R71) | S81: =IF(S71=0,"",S71)
A82: 1410008 | B82: =CONCATENATE(C82,D82,E82,F82,G82,H82,I82,J82,K82,L82,M82,N82,O82,P82,Q82,R82,S82) -> [{"id":227,"num":6,"point":{"x":25,"y":35}}, {"id":227, "num":5,"point":{"x":33,"y":33}}, {"id":242, "num":6,"point":{"x":20,"y":18}}] | C82: [{"id": | D82: =D72+4 -> 227 | E82: ,"num": | F82: =F72 -> 6 | G82: =G72 -> ,"point":{"x":25,"y":35}}, {"id": | H82: =D82 -> 227 | I82: , "num": | J82: =J72 -> 5 | K82: =K72 -> ,"point":{"x":33,"y":33}}, {"id": | L82: =L77+1 -> 242 | M82: , "num": | N82: =N72 -> 6 | O82: =O72 -> ,"point":{"x":20,"y":18}}] | Q82: =IF(Q72=0,"",Q72) | R82: =IF(R72=0,"",R72) | S82: =IF(S72=0,"",S72)
A83: 1410009 | B83: =CONCATENATE(C83,D83,E83,F83,G83,H83,I83,J83,K83,L83,M83,N83,O83,P83,Q83,R83,S83) -> [{"id":228,"num":6,"point":{"x":15,"y":35}}, {"id":228, "num":6,"point":{"x":26,"y":39}}, {"id":242, "num":7,"point":{"x":36,"y":37}}] | C83: [{"id": | D83: =D73+4 -> 228 | E83: ,"num": | F83: =F73 -> 6 | G83: =G73 -> ,"point":{"x":15,"y":35}}, {"id": | H83: =D83 -> 228 | I83: , "num": | J83: =J73 -> 6 | K83: =K73 -> ,"point":{"x":26,"y":39}}, {"id": | L83: =L78+1 -> 242 | M83: , "num": | N83: =N73 -> 7 | O83: =O73 -> ,"point":{"x":36,"y":37}}] | Q83: =IF(Q73=0,"",Q73) | R83: =IF(R73=0,"",R73) | S83: =IF(S73=0,"",S73)
A84: 1410010 | B84: =CONCATENATE(C84,D84,E84,F84,G84,H84,I84,J84,K84,L84,M84,N84,O84,P84,Q84,R84,S84) -> [{"id":229,"num":6,"point":{"x":15,"y":35}}, {"id":229, "num":6,"point":{"x":26,"y":39}}, {"id":242, "num":7,"point":{"x":36,"y":37}}, {"id":272, "num":1,"point":{"x":25,"y":42}}] | C84: [{"id": | D84: =D74+4 -> 229 | E84: ,"num": | F84: =F74 -> 6 | G84: =G74 -> ,"point":{"x":15,"y":35}}, {"id": | H84: =D84 -> 229 | I84: , "num": | J84: =J74 -> 6 | K84: =K74 -> ,"point":{"x":26,"y":39}}, {"id": | L84: =L79+1 -> 242 | M84: , "num": | N84: =N74 -> 7 | O84: =O74 -> ,"point":{"x":36,"y":37}}, {"id": | P84: =P79+1 -> 272 | Q84: =IF(Q74=0,"",Q74) -> , "num": | R84: =IF(R74=0,"",R74) -> 1 | S84: =IF(S74=0,"",S74) -> ,"point":{"x":25,"y":42}}]
A85: 1410011 | B85: =CONCATENATE(C85,D85,E85,F85,G85,H85,I85,J85,K85,L85,M85,N85,O85,P85,Q85,R85,S85) -> [{"id":227,"num":2,"point":{"x":24,"y":37}}, {"id":227, "num":2,"point":{"x":15,"y":35}}, {"id":243, "num":3,"point":{"x":33,"y":33}}] | C85: [{"id": | D85: =D75+4 -> 227 | E85: ,"num": | F85: =F75 -> 2 | G85: =G75 -> ,"point":{"x":24,"y":37}}, {"id": | H85: =D85 -> 227 | I85: , "num": | J85: =J75 -> 2 | K85: =K75 -> ,"point":{"x":15,"y":35}}, {"id": | L85: =L80+1 -> 243 | M85: , "num": | N85: =N75 -> 3 | O85: =O75 -> ,"point":{"x":33,"y":33}}] | Q85: =IF(Q75=0,"",Q75) | R85: =IF(R75=0,"",R75) | S85: =IF(S75=0,"",S75)
A86: 1410012 | B86: =CONCATENATE(C86,D86,E86,F86,G86,H86,I86,J86,K86,L86,M86,N86,O86,P86,Q86,R86,S86) -> [{"id":227,"num":3,"point":{"x":24,"y":37}}, {"id":227, "num":2,"point":{"x":15,"y":35}}, {"id":243, "num":3,"point":{"x":33,"y":33}}] | C86: [{"id": | D86: =D76+4 -> 227 | E86: ,"num": | F86: =F76 -> 3 | G86: =G76 -> ,"point":{"x":24,"y":37}}, {"id": | H86: =D86 -> 227 | I86: , "num": | J86: =J76 -> 2 | K86: =K76 -> ,"point":{"x":15,"y":35}}, {"id": | L86: =L81+1 -> 243 | M86: , "num": | N86: =N76 -> 3 | O86: =O76 -> ,"point":{"x":33,"y":33}}] | Q86: =IF(Q76=0,"",Q76) | R86: =IF(R76=0,"",R76) | S86: =IF(S76=0,"",S76)
A87: 1410013 | B87: =CONCATENATE(C87,D87,E87,F87,G87,H87,I87,J87,K87,L87,M87,N87,O87,P87,Q87,R87,S87) -> [{"id":228,"num":3,"point":{"x":16,"y":38}}, {"id":228, "num":3,"point":{"x":35,"y":35}}, {"id":243, "num":4,"point":{"x":23,"y":12}}] | C87: [{"id": | D87: =D77+4 -> 228 | E87: ,"num": | F87: =F77 -> 3 | G87: =G77 -> ,"point":{"x":16,"y":38}}, {"id": | H87: =D87 -> 228 | I87: , "num": | J87: =J77 -> 3 | K87: =K77 -> ,"point":{"x":35,"y":35}}, {"id": | L87: =L82+1 -> 243 | M87: , "num": | N87: =N77 -> 4 | O87: =O77 -> ,"point":{"x":23,"y":12}}] | Q87: =IF(Q77=0,"",Q77) | R87: =IF(R77=0,"",R77) | S87: =IF(S77=0,"",S77)
A88: 1410014 | B88: =CONCATENATE(C88,D88,E88,F88,G88,H88,I88,J88,K88,L88,M88,N88,O88,P88,Q88,R88,S88) -> [{"id":228,"num":4,"point":{"x":16,"y":38}}, {"id":228, "num":3,"point":{"x":35,"y":35}}, {"id":243, "num":4,"point":{"x":23,"y":12}}] | C88: [{"id": | D88: =D78+4 -> 228 | E88: ,"num": | F88: =F78 -> 4 | G88: =G78 -> ,"point":{"x":16,"y":38}}, {"id": | H88: =D88 -> 228 | I88: , "num": | J88: =J78 -> 3 | K88: =K78 -> ,"point":{"x":35,"y":35}}, {"id": | L88: =L83+1 -> 243 | M88: , "num": | N88: =N78 -> 4 | O88: =O78 -> ,"point":{"x":23,"y":12}}] | Q88: =IF(Q78=0,"",Q78) | R88: =IF(R78=0,"",R78) | S88: =IF(S78=0,"",S78)
A89: 1410015 | B89: =CONCATENATE(C89,D89,E89,F89,G89,H89,I89,J89,K89,L89,M89,N89,O89,P89,Q89,R89,S89) -> [{"id":229,"num":4,"point":{"x":16,"y":20}}, {"id":229, "num":4,"point":{"x":25,"y":37}}, {"id":243, "num":5,"point":{"x":36,"y":37}}, {"id":273,"point":{"x":25,"y":42}}] | C89: [{"id": | D89: =D79+4 -> 229 | E89: ,"num": | F89: =F79 -> 4 | G89: =G79 -> ,"point":{"x":16,"y":20}}, {"id": | H89: =D89 -> 229 | I89: , "num": | J89: =J79 -> 4 | K89: =K79 -> ,"point":{"x":25,"y":37}}, {"id": | L89: =L84+1 -> 243 | M89: , "num": | N89: =N79 -> 5 | O89: =O79 -> ,"point":{"x":36,"y":37}}, {"id": | P89: =P84+1 -> 273 | Q89: =IF(Q79=0,"",Q79) | R89: =IF(R79=0,"",R79) | S89: =IF(S79=0,"",S79) -> ,"point":{"x":25,"y":42}}]
A90: 1410016 | B90: =CONCATENATE(C90,D90,E90,F90,G90,H90,I90,J90,K90,L90,M90,N90,O90,P90,Q90,R90,S90) -> [{"id":230,"num":5,"point":{"x":16,"y":20}}, {"id":230, "num":4,"point":{"x":25,"y":37}}, {"id":244, "num":5,"point":{"x":33,"y":16}}] | C90: [{"id": | D90: =D80+4 -> 230 | E90: ,"num": | F90: =F80 -> 5 | G90: =G80 -> ,"point":{"x":16,"y":20}}, {"id": | H90: =D90 -> 230 | I90: , "num": | J90: =J80 -> 4 | K90: =K80 -> ,"point":{"x":25,"y":37}}, {"id": | L90: =L85+1 -> 244 | M90: , "num": | N90: =N80 -> 5 | O90: =O80 -> ,"point":{"x":33,"y":16}}] | Q90: =IF(Q80=0,"",Q80) | R90: =IF(R80=0,"",R80) | S90: =IF(S80=0,"",S80)
A91: 1410017 | B91: =CONCATENATE(C91,D91,E91,F91,G91,H91,I91,J91,K91,L91,M91,N91,O91,P91,Q91,R91,S91) -> [{"id":230,"num":5,"point":{"x":25,"y":35}}, {"id":230, "num":5,"point":{"x":33,"y":33}}, {"id":244, "num":6,"point":{"x":20,"y":18}}] | C91: [{"id": | D91: =D81+4 -> 230 | E91: ,"num": | F91: =F81 -> 5 | G91: =G81 -> ,"point":{"x":25,"y":35}}, {"id": | H91: =D91 -> 230 | I91: , "num": | J91: =J81 -> 5 | K91: =K81 -> ,"point":{"x":33,"y":33}}, {"id": | L91: =L86+1 -> 244 | M91: , "num": | N91: =N81 -> 6 | O91: =O81 -> ,"point":{"x":20,"y":18}}] | Q91: =IF(Q81=0,"",Q81) | R91: =IF(R81=0,"",R81) | S91: =IF(S81=0,"",S81)
A92: 1410018 | B92: =CONCATENATE(C92,D92,E92,F92,G92,H92,I92,J92,K92,L92,M92,N92,O92,P92,Q92,R92,S92) -> [{"id":231,"num":6,"point":{"x":25,"y":35}}, {"id":231, "num":5,"point":{"x":33,"y":33}}, {"id":244, "num":6,"point":{"x":20,"y":18}}] | C92: [{"id": | D92: =D82+4 -> 231 | E92: ,"num": | F92: =F82 -> 6 | G92: =G82 -> ,"point":{"x":25,"y":35}}, {"id": | H92: =D92 -> 231 | I92: , "num": | J92: =J82 -> 5 | K92: =K82 -> ,"point":{"x":33,"y":33}}, {"id": | L92: =L87+1 -> 244 | M92: , "num": | N92: =N82 -> 6 | O92: =O82 -> ,"point":{"x":20,"y":18}}] | Q92: =IF(Q82=0,"",Q82) | R92: =IF(R82=0,"",R82) | S92: =IF(S82=0,"",S82)
A93: 1410019 | B93: =CONCATENATE(C93,D93,E93,F93,G93,H93,I93,J93,K93,L93,M93,N93,O93,P93,Q93,R93,S93) -> [{"id":232,"num":6,"point":{"x":15,"y":35}}, {"id":232, "num":6,"point":{"x":26,"y":39}}, {"id":244, "num":7,"point":{"x":36,"y":37}}] | C93: [{"id": | D93: =D83+4 -> 232 | E93: ,"num": | F93: =F83 -> 6 | G93: =G83 -> ,"point":{"x":15,"y":35}}, {"id": | H93: =D93 -> 232 | I93: , "num": | J93: =J83 -> 6 | K93: =K83 -> ,"point":{"x":26,"y":39}}, {"id": | L93: =L88+1 -> 244 | M93: , "num": | N93: =N83 -> 7 | O93: =O83 -> ,"point":{"x":36,"y":37}}] | Q93: =IF(Q83=0,"",Q83) | R93: =IF(R83=0,"",R83) | S93: =IF(S83=0,"",S83)
A94: 1410020 | B94: =CONCATENATE(C94,D94,E94,F94,G94,H94,I94,J94,K94,L94,M94,N94,O94,P94,Q94,R94,S94) -> [{"id":233,"num":6,"point":{"x":15,"y":35}}, {"id":233, "num":6,"point":{"x":26,"y":39}}, {"id":244, "num":7,"point":{"x":36,"y":37}}, {"id":274, "num":1,"point":{"x":25,"y":42}}] | C94: [{"id": | D94: =D84+4 -> 233 | E94: ,"num": | F94: =F84 -> 6 | G94: =G84 -> ,"point":{"x":15,"y":35}}, {"id": | H94: =D94 -> 233 | I94: , "num": | J94: =J84 -> 6 | K94: =K84 -> ,"point":{"x":26,"y":39}}, {"id": | L94: =L89+1 -> 244 | M94: , "num": | N94: =N84 -> 7 | O94: =O84 -> ,"point":{"x":36,"y":37}}, {"id": | P94: =P89+1 -> 274 | Q94: =IF(Q84=0,"",Q84) -> , "num": | R94: =IF(R84=0,"",R84) -> 1 | S94: =IF(S84=0,"",S84) -> ,"point":{"x":25,"y":42}}]
A95: 1410021 | B95: =CONCATENATE(C95,D95,E95,F95,G95,H95,I95,J95,K95,L95,M95,N95,O95,P95,Q95,R95,S95) -> [{"id":231,"num":2,"point":{"x":24,"y":37}}, {"id":231, "num":2,"point":{"x":15,"y":35}}, {"id":245, "num":3,"point":{"x":33,"y":33}}] | C95: [{"id": | D95: =D85+4 -> 231 | E95: ,"num": | F95: =F85 -> 2 | G95: =G85 -> ,"point":{"x":24,"y":37}}, {"id": | H95: =D95 -> 231 | I95: , "num": | J95: =J85 -> 2 | K95: =K85 -> ,"point":{"x":15,"y":35}}, {"id": | L95: =L90+1 -> 245 | M95: , "num": | N95: =N85 -> 3 | O95: =O85 -> ,"point":{"x":33,"y":33}}] | Q95: =IF(Q85=0,"",Q85) | R95: =IF(R85=0,"",R85) | S95: =IF(S85=0,"",S85)
A96: 1410022 | B96: =CONCATENATE(C96,D96,E96,F96,G96,H96,I96,J96,K96,L96,M96,N96,O96,P96,Q96,R96,S96) -> [{"id":231,"num":3,"point":{"x":24,"y":37}}, {"id":231, "num":2,"point":{"x":15,"y":35}}, {"id":245, "num":3,"point":{"x":33,"y":33}}] | C96: [{"id": | D96: =D86+4 -> 231 | E96: ,"num": | F96: =F86 -> 3 | G96: =G86 -> ,"point":{"x":24,"y":37}}, {"id": | H96: =D96 -> 231 | I96: , "num": | J96: =J86 -> 2 | K96: =K86 -> ,"point":{"x":15,"y":35}}, {"id": | L96: =L91+1 -> 245 | M96: , "num": | N96: =N86 -> 3 | O96: =O86 -> ,"point":{"x":33,"y":33}}] | Q96: =IF(Q86=0,"",Q86) | R96: =IF(R86=0,"",R86) | S96: =IF(S86=0,"",S86)
A97: 1410023 | B97: =CONCATENATE(C97,D97,E97,F97,G97,H97,I97,J97,K97,L97,M97,N97,O97,P97,Q97,R97,S97) -> [{"id":232,"num":3,"point":{"x":16,"y":38}}, {"id":232, "num":3,"point":{"x":35,"y":35}}, {"id":245, "num":4,"point":{"x":23,"y":12}}] | C97: [{"id": | D97: =D87+4 -> 232 | E97: ,"num": | F97: =F87 -> 3 | G97: =G87 -> ,"point":{"x":16,"y":38}}, {"id": | H97: =D97 -> 232 | I97: , "num": | J97: =J87 -> 3 | K97: =K87 -> ,"point":{"x":35,"y":35}}, {"id": | L97: =L92+1 -> 245 | M97: , "num": | N97: =N87 -> 4 | O97: =O87 -> ,"point":{"x":23,"y":12}}] | Q97: =IF(Q87=0,"",Q87) | R97: =IF(R87=0,"",R87) | S97: =IF(S87=0,"",S87)
A98: 1410024 | B98: =CONCATENATE(C98,D98,E98,F98,G98,H98,I98,J98,K98,L98,M98,N98,O98,P98,Q98,R98,S98) -> [{"id":232,"num":4,"point":{"x":16,"y":38}}, {"id":232, "num":3,"point":{"x":35,"y":35}}, {"id":245, "num":4,"point":{"x":23,"y":12}}] | C98: [{"id": | D98: =D88+4 -> 232 | E98: ,"num": | F98: =F88 -> 4 | G98: =G88 -> ,"point":{"x":16,"y":38}}, {"id": | H98: =D98 -> 232 | I98: , "num": | J98: =J88 -> 3 | K98: =K88 -> ,"point":{"x":35,"y":35}}, {"id": | L98: =L93+1 -> 245 | M98: , "num": | N98: =N88 -> 4 | O98: =O88 -> ,"point":{"x":23,"y":12}}] | Q98: =IF(Q88=0,"",Q88) | R98: =IF(R88=0,"",R88) | S98: =IF(S88=0,"",S88)
A99: 1410025 | B99: =CONCATENATE(C99,D99,E99,F99,G99,H99,I99,J99,K99,L99,M99,N99,O99,P99,Q99,R99,S99) -> [{"id":233,"num":4,"point":{"x":16,"y":20}}, {"id":233, "num":4,"point":{"x":25,"y":37}}, {"id":245, "num":5,"point":{"x":36,"y":37}}, {"id":275,"point":{"x":25,"y":42}}] | C99: [{"id": | D99: =D89+4 -> 233 | E99: ,"num": | F99: =F89 -> 4 | G99: =G89 -> ,"point":{"x":16,"y":20}}, {"id": | H99: =D99 -> 233 | I99: , "num": | J99: =J89 -> 4 | K99: =K89 -> ,"point":{"x":25,"y":37}}, {"id": | L99: =L94+1 -> 245 | M99: , "num": | N99: =N89 -> 5 | O99: =O89 -> ,"point":{"x":36,"y":37}}, {"id": | P99: =P94+1 -> 275 | Q99: =IF(Q89=0,"",Q89) | R99: =IF(R89=0,"",R89) | S99: =IF(S89=0,"",S89) -> ,"point":{"x":25,"y":42}}]
A100: 1410026 | B100: =CONCATENATE(C100,D100,E100,F100,G100,H100,I100,J100,K100,L100,M100,N100,O100,P100,Q100,R100,S100) -> [{"id":234,"num":5,"point":{"x":16,"y":20}}, {"id":234, "num":4,"point":{"x":25,"y":37}}, {"id":246, "num":5,"point":{"x":33,"y":16}}] | C100: [{"id": | D100: =D90+4 -> 234 | E100: ,"num": | F100: =F90 -> 5 | G100: =G90 -> ,"point":{"x":16,"y":20}}, {"id": | H100: =D100 -> 234 | I100: , "num": | J100: =J90 -> 4 | K100: =K90 -> ,"point":{"x":25,"y":37}}, {"id": | L100: =L95+1 -> 246 | M100: , "num": | N100: =N90 -> 5 | O100: =O90 -> ,"point":{"x":33,"y":16}}] | Q100: =IF(Q90=0,"",Q90) | R100: =IF(R90=0,"",R90) | S100: =IF(S90=0,"",S90)
A101: 1410027 | B101: =CONCATENATE(C101,D101,E101,F101,G101,H101,I101,J101,K101,L101,M101,N101,O101,P101,Q101,R101,S101) -> [{"id":234,"num":5,"point":{"x":25,"y":35}}, {"id":234, "num":5,"point":{"x":33,"y":33}}, {"id":246, "num":6,"point":{"x":20,"y":18}}] | C101: [{"id": | D101: =D91+4 -> 234 | E101: ,"num": | F101: =F91 -> 5 | G101: =G91 -> ,"point":{"x":25,"y":35}}, {"id": | H101: =D101 -> 234 | I101: , "num": | J101: =J91 -> 5 | K101: =K91 -> ,"point":{"x":33,"y":33}}, {"id": | L101: =L96+1 -> 246 | M101: , "num": | N101: =N91 -> 6 | O101: =O91 -> ,"point":{"x":20,"y":18}}] | Q101: =IF(Q91=0,"",Q91) | R101: =IF(R91=0,"",R91) | S101: =IF(S91=0,"",S91)
A102: 1410028 | B102: =CONCATENATE(C102,D102,E102,F102,G102,H102,I102,J102,K102,L102,M102,N102,O102,P102,Q102,R102,S102) -> [{"id":235,"num":6,"point":{"x":25,"y":35}}, {"id":235, "num":5,"point":{"x":33,"y":33}}, {"id":246, "num":6,"point":{"x":20,"y":18}}] | C102: [{"id": | D102: =D92+4 -> 235 | E102: ,"num": | F102: =F92 -> 6 | G102: =G92 -> ,"point":{"x":25,"y":35}}, {"id": | H102: =D102 -> 235 | I102: , "num": | J102: =J92 -> 5 | K102: =K92 -> ,"point":{"x":33,"y":33}}, {"id": | L102: =L97+1 -> 246 | M102: , "num": | N102: =N92 -> 6 | O102: =O92 -> ,"point":{"x":20,"y":18}}] | Q102: =IF(Q92=0,"",Q92) | R102: =IF(R92=0,"",R92) | S102: =IF(S92=0,"",S92)
...

Sheet Sheet3
B1: ,"point":{"x":15,"y":35}}, {"id": | D1: ,"point":{"x":26,"y":39}}, {"id": | F1: ,"point":{"x":36,"y":37}}, {"id": | H1: ,"point":{"x":25,"y":42}}]
B2: ,"point":{"x":24,"y":37}}, {"id": | D2: ,"point":{"x":15,"y":35}}, {"id": | F2: ,"point":{"x":33,"y":33}}]
B3: ,"point":{"x":24,"y":37}}, {"id": | D3: ,"point":{"x":15,"y":35}}, {"id": | F3: ,"point":{"x":33,"y":33}}]
B4: ,"point":{"x":16,"y":38}}, {"id": | D4: ,"point":{"x":35,"y":35}}, {"id": | F4: ,"point":{"x":23,"y":12}}]
B5: ,"point":{"x":16,"y":38}}, {"id": | D5: ,"point":{"x":35,"y":35}}, {"id": | F5: ,"point":{"x":23,"y":12}}]
B6: ,"point":{"x":16,"y":20}}, {"id": | D6: ,"point":{"x":25,"y":37}}, {"id": | F6: ,"point":{"x":33,"y":16}}]
B7: ,"point":{"x":16,"y":20}}, {"id": | D7: ,"point":{"x":25,"y":37}}, {"id": | F7: ,"point":{"x":33,"y":16}}]
B8: ,"point":{"x":25,"y":35}}, {"id": | D8: ,"point":{"x":33,"y":33}}, {"id": | F8: ,"point":{"x":20,"y":18}}]
B9: ,"point":{"x":25,"y":35}}, {"id": | D9: ,"point":{"x":33,"y":33}}, {"id": | F9: ,"point":{"x":20,"y":18}}]
B10: ,"point":{"x":15,"y":35}}, {"id": | D10: ,"point":{"x":26,"y":39}}, {"id": | F10: ,"point":{"x":36,"y":37}}]
B11: ,"point":{"x":15,"y":35}}, {"id": | D11: ,"point":{"x":26,"y":39}}, {"id": | F11: ,"point":{"x":36,"y":37}}, {"id": | H11: ,"point":{"x":25,"y":42}}]

Sheet Sheet4
A1: 1 | B1: [{"key":10,"values":[{"id":5,"num":100},{"id":21,"num":3000}]},{"key":20,"values":[{"id":5,"num":150},{"id":21,"num":3000}]},{"key":30,"values":[{"id":5,"num":200},{"id":21,"num":3000}]}] | AA1: 1 | AB1: [{"id":5,"num":3000},{"id":14,"num":100},{"id":99,"num":10}]
A2: 2 | B2: [{"key":10,"values":[{"id":5,"num":150},{"id":21,"num":3000}]},{"key":20,"values":[{"id":5,"num":200},{"id":21,"num":3000}]},{"key":30,"values":[{"id":5,"num":250},{"id":21,"num":3000}]}] | AA2: 2 | AB2: [{"id":5,"num":3500},{"id":14,"num":200},{"id":99,"num":10}]
A3: 3 | B3: [{"key":10,"values":[{"id":5,"num":200},{"id":21,"num":3000}]},{"key":20,"values":[{"id":5,"num":250},{"id":21,"num":3000}]},{"key":30,"values":[{"id":5,"num":300},{"id":21,"num":3000}]}] | AA3: 3 | AB3: [{"id":5,"num":4000},{"id":14,"num":300},{"id":99,"num":15}]
A4: 4 | B4: [{"key":10,"values":[{"id":5,"num":250},{"id":21,"num":3000}]},{"key":20,"values":[{"id":5,"num":300},{"id":21,"num":3000}]},{"key":30,"values":[{"id":5,"num":350},{"id":21,"num":3000}]}] | AA4: 4 | AB4: [{"id":5,"num":4500},{"id":14,"num":400},{"id":99,"num":15}]
A5: 5 | B5: [{"key":10,"values":[{"id":5,"num":300},{"id":22,"num":300}]},{"key":20,"values":[{"id":5,"num":350},{"id":21,"num":3000}]},{"key":30,"values":[{"id":5,"num":400},{"id":21,"num":3000}]}] | AA5: 5 | AB5: [{"id":5,"num":5000},{"id":14,"num":500},{"id":99,"num":20}]
A6: 6 | B6: [{"key":10,"values":[{"id":5,"num":350},{"id":22,"num":400}]},{"key":20,"values":[{"id":5,"num":400},{"id":21,"num":3000}]},{"key":30,"values":[{"id":5,"num":450},{"id":21,"num":3000},{"id":22,"num":400}]}] | AA6: 6 | AB6: [{"id":5,"num":5000},{"id":14,"num":600},{"id":99,"num":20}]
A7: 7 | B7: [{"key":10,"values":[{"id":5,"num":400},{"id":22,"num":500}]},{"key":20,"values":[{"id":5,"num":450},{"id":21,"num":3000}]},{"key":30,"values":[{"id":5,"num":500},{"id":21,"num":3000},{"id":22,"num":500}]}] | AA7: 7 | AB7: [{"id":5,"num":5000},{"id":14,"num":700},{"id":99,"num":25}]
A8: 8 | B8: [{"key":10,"values":[{"id":5,"num":450},{"id":22,"num":600}]},{"key":20,"values":[{"id":5,"num":500},{"id":21,"num":3000}]},{"key":30,"values":[{"id":5,"num":550},{"id":21,"num":3000},{"id":22,"num":600}]}] | AA8: 8 | AB8: [{"id":5,"num":5000},{"id":14,"num":800},{"id":99,"num":25}]
A9: 9 | B9: [{"key":10,"values":[{"id":5,"num":500},{"id":22,"num":700}]},{"key":20,"values":[{"id":5,"num":550},{"id":21,"num":3000}]},{"key":30,"values":[{"id":5,"num":600},{"id":21,"num":3000},{"id":22,"num":700}]}] | AA9: 9 | AB9: [{"id":5,"num":6000},{"id":14,"num":900},{"id":99,"num":30}]
A10: 10 | B10: [{"key":10,"values":[{"id":5,"num":550},{"id":22,"num":800}]},{"key":20,"values":[{"id":5,"num":600},{"id":21,"num":3000}]},{"key":30,"values":[{"id":5,"num":650},{"id":21,"num":3000},{"id":22,"num":800}]}] | AA10: 10 | AB10: [{"id":5,"num":6000},{"id":14,"num":1000},{"id":99,"num":30}]
A11: 11 | B11: [{"key":10,"values":[{"id":5,"num":600},{"id":22,"num":900}]},{"key":20,"values":[{"id":5,"num":650},{"id":21,"num":3000}]},{"key":30,"values":[{"id":5,"num":700},{"id":21,"num":3000},{"id":22,"num":900}]}] | AA11: 11 | AB11: [{"id":5,"num":6000},{"id":14,"num":1000},{"id":99,"num":35}]
A12: 12 | B12: [{"key":10,"values":[{"id":5,"num":650},{"id":22,"num":1000}]},{"key":20,"values":[{"id":5,"num":700},{"id":21,"num":3000}]},{"key":30,"values":[{"id":5,"num":750},{"id":21,"num":3000},{"id":22,"num":1000}]}] | AA12: 12 | AB12: [{"id":5,"num":6000},{"id":14,"num":1000},{"id":99,"num":35}]
... A20: 20 | B20: [{"key":10,"values":[{"id":5,"num":1050},{"id":22,"num":1000}]},{"key":20,"values":[{"id":5,"num":1100},{"id":21,"num":3000}]},{"key":30,"values":[{"id":5,"num":1150},{"id":21,"num":3000},{"id":22,"num":1000}]}] | AA20: 20 | AB20: [{"id":5,"num":6000},{"id":14,"num":1000},{"id":99,"num":60}]
