Workbook

Sheet Sheet1
A1: 唯一ID | B1: 技能ID | C1: 技能名称 | D1: 技能等级 | E1: 升级需要经验 | F1: 增加属性
A2: Uint32 | B2: Uint32 | C2: String | D2: Uint32 | E2: Uint32 | F2: json
A3: UUID | B3: SkillID | C3: SkillName | D3: SkillLevel | E3: EXP | F3: ValueAdd
A4: =B4*1000+D4 -> 1001 | B4: 1 | C4: 物攻强化 | D4: 1 | E4: 3000 | F4: =VLOOKUP(A4,数值配置!$A$1:$G$83,7,0) -> [{ "key":13,"value":100}]
A5: =B5*1000+D5 -> 1002 | B5: 1 | C5: 物攻强化 | D5: 2 | E5: 5000 | F5: =VLOOKUP(A5,数值配置!$A$1:$G$83,7,0) -> [{ "key":13,"value":110}]
A6: =B6*1000+D6 -> 1003 | B6: 1 | C6: 物攻强化 | D6: 3 | E6: 10000 | F6: =VLOOKUP(A6,数值配置!$A$1:$G$83,7,0) -> [{ "key":13,"value":120}]
A7: =B7*1000+D7 -> 1004 | B7: 1 | C7: 物攻强化 | D7: 4 | E7: 20000 | F7: =VLOOKUP(A7,数值配置!$A$1:$G$83,7,0) -> [{ "key":13,"value":130}]
A8: =B8*1000+D8 -> 1005 | B8: 1 | C8: 物攻强化 | D8: 5 | E8: 40000 | F8: =VLOOKUP(A8,数值配置!$A$1:$G$83,7,0) -> [{ "key":13,"value":140}]
A9: =B9*1000+D9 -> 1006 | B9: 1 | C9: 物攻强化 | D9: 6 | E9: 60000 | F9: =VLOOKUP(A9,数值配置!$A$1:$G$83,7,0) -> [{ "key":13,"value":150}]
A10: =B10*1000+D10 -> 1007 | B10: 1 | C10: 物攻强化 | D10: 7 | E10: 70000 | F10: =VLOOKUP(A10,数值配置!$A$1:$G$83,7,0) -> [{ "key":13,"value":160}]
A11: =B11*1000+D11 -> 1008 | B11: 1 | C11: 物攻强化 | D11: 8 | E11: 80000 | F11: =VLOOKUP(A11,数值配置!$A$1:$G$83,7,0) -> [{ "key":13,"value":170}]
A12: =B12*1000+D12 -> 1009 | B12: 1 | C12: 物攻强化 | D12: 9 | E12: 90000 | F12: =VLOOKUP(A12,数值配置!$A$1:$G$83,7,0) -> [{ "key":13,"value":180}]
A13: =B13*1000+D13 -> 1010 | B13: 1 | C13: 物攻强化 | D13: 10 | E13: 100000 | F13: =VLOOKUP(A13,数值配置!$A$1:$G$83,7,0) -> [{ "key":13,"value":190}]
A14: =B14*1000+D14 -> 2001 | B14: 2 | C14: 魔攻强化 | D14: 1 | E14: 3000 | F14: =VLOOKUP(A14,数值配置!$A$1:$G$83,7,0) -> [{ "key":14,"value":100}]
A15: =B15*1000+D15 -> 2002 | B15: 2 | C15: 魔攻强化 | D15: 2 | E15: 5000 | F15: =VLOOKUP(A15,数值配置!$A$1:$G$83,7,0) -> [{ "key":14,"value":110}]
... A63: =B63*1000+D63 -> 6010 | B63: 6 | C63: 经验强化 | D63: 10 | E63: 100000 | F63: =VLOOKUP(A63,数值配置!$A$1:$G$83,7,0) -> [{ "key":27,"value":1000}]
A64: =B64*1000+D64 -> 7001 | B64: =B54+1 -> 7 | C64: 除魔强化 | D64: 1 | E64: 3000 | F64: =VLOOKUP(A64,数值配置!$A$1:$G$83,7,0) -> [{ "key":37,"value":10}]
A65: =B65*1000+D65 -> 7002 | B65: =B55+1 -> 7 | C65: 除魔强化 | D65: 2 | E65: 5000 | F65: =VLOOKUP(A65,数值配置!$A$1:$G$83,7,0) -> [{ "key":37,"value":20}]
A66: =B66*1000+D66 -> 7003 | B66: =B56+1 -> 7 | C66: 除魔强化 | D66: 3 | E66: 10000 | F66: =VLOOKUP(A66,数值配置!$A$1:$G$83,7,0) -> [{ "key":37,"value":30}]
A67: =B67*1000+D67 -> 7004 | B67: =B57+1 -> 7 | C67: 除魔强化 | D67: 4 | E67: 20000 | F67: =VLOOKUP(A67,数值配置!$A$1:$G$83,7,0) -> [{ "key":37,"value":40}]
A68: =B68*1000+D68 -> 7005 | B68: =B58+1 -> 7 | C68: 除魔强化 | D68: 5 | E68: 40000 | F68: =VLOOKUP(A68,数值配置!$A$1:$G$83,7,0) -> [{ "key":37,"value":50}]
A69: =B69*1000+D69 -> 7006 | B69: =B59+1 -> 7 | C69: 除魔强化 | D69: 6 | E69: 60000 | F69: =VLOOKUP(A69,数值配置!$A$1:$G$83,7,0) -> [{ "key":37,"value":60}]
A70: =B70*1000+D70 -> 7007 | B70: =B60+1 -> 7 | C70: 除魔强化 | D70: 7 | E70: 70000 | F70: =VLOOKUP(A70,数值配置!$A$1:$G$83,7,0) -> [{ "key":37,"value":70}]
A71: =B71*1000+D71 -> 7008 | B71: =B61+1 -> 7 | C71: 除魔强化 | D71: 8 | E71: 80000 | F71: =VLOOKUP(A71,数值配置!$A$1:$G$83,7,0) -> [{ "key":37,"value":80}]
A72: =B72*1000+D72 -> 7009 | B72: =B62+1 -> 7 | C72: 除魔强化 | D72: 9 | E72: 90000 | F72: =VLOOKUP(A72,数值配置!$A$1:$G$83,7,0) -> [{ "key":37,"value":90}]
A73: =B73*1000+D73 -> 7010 | B73: =B63+1 -> 7 | C73: 除魔强化 | D73: 10 | E73: 100000 | F73: =VLOOKUP(A73,数值配置!$A$1:$G$83,7,0) -> [{ "key":37,"value":100}]
A74: =B74*1000+D74 -> 8001 | B74: =B64+1 -> 8 | C74: 对抗强化 | D74: 1 | E74: 3000 | F74: =VLOOKUP(A74,数值配置!$A$1:$G$83,7,0) -> [{ "key":36,"value":10}]
A75: =B75*1000+D75 -> 8002 | B75: =B65+1 -> 8 | C75: 对抗强化 | D75: 2 | E75: 5000 | F75: =VLOOKUP(A75,数值配置!$A$1:$G$83,7,0) -> [{ "key":36,"value":20}]
... A83: =B83*1000+D83 -> 8010 | B83: =B73+1 -> 8 | C83: 对抗强化 | D83: 10 | E83: 100000 | F83: =VLOOKUP(A83,数值配置!$A$1:$G$83,7,0) -> [{ "key":36,"value":100}]

Sheet 数值配置
A1: ID | B1: 前缀 | C1: 属性id | D1: 中段 | E1: 属性数值 | F1: 后缀 | G1: 合并
A2: =Sheet1!A4 -> 1001 | B2: [{ "key": | C2: 13 | D2: ,"value": | E2: 100 | F2: }] | G2: =B2&C2&D2&E2&F2 -> [{ "key":13,"value":100}]
A3: =Sheet1!A5 -> 1002 | B3: [{ "key": | C3: 13 | D3: ,"value": | E3: 110 | F3: }] | G3: =B3&C3&D3&E3&F3 -> [{ "key":13,"value":110}]
A4: =Sheet1!A6 -> 1003 | B4: [{ "key": | C4: 13 | D4: ,"value": | E4: 120 | F4: }] | G4: =B4&C4&D4&E4&F4 -> [{ "key":13,"value":120}]
A5: =Sheet1!A7 -> 1004 | B5: [{ "key": | C5: 13 | D5: ,"value": | E5: 130 | F5: }] | G5: =B5&C5&D5&E5&F5 -> [{ "key":13,"value":130}]
A6: =Sheet1!A8 -> 1005 | B6: [{ "key": | C6: 13 | D6: ,"value": | E6: 140 | F6: }] | G6: =B6&C6&D6&E6&F6 -> [{ "key":13,"value":140}]
A7: =Sheet1!A9 -> 1006 | B7: [{ "key": | C7: 13 | D7: ,"value": | E7: 150 | F7: }] | G7: =B7&C7&D7&E7&F7 -> [{ "key":13,"value":150}]
A8: =Sheet1!A10 -> 1007 | B8: [{ "key": | C8: 13 | D8: ,"value": | E8: 160 | F8: }] | G8: =B8&C8&D8&E8&F8 -> [{ "key":13,"value":160}]
A9: =Sheet1!A11 -> 1008 | B9: [{ "key": | C9: 13 | D9: ,"value": | E9: 170 | F9: }] | G9: =B9&C9&D9&E9&F9 -> [{ "key":13,"value":170}]
A10: =Sheet1!A12 -> 1009 | B10: [{ "key": | C10: 13 | D10: ,"value": | E10: 180 | F10: }] | G10: =B10&C10&D10&E10&F10 -> [{ "key":13,"value":180}]
A11: =Sheet1!A13 -> 1010 | B11: [{ "key": | C11: 13 | D11: ,"value": | E11: 190 | F11: }] | G11: =B11&C11&D11&E11&F11 -> [{ "key":13,"value":190}]
A12: =Sheet1!A14 -> 2001 | B12: [{ "key": | C12: 14 | D12: ,"value": | E12: 100 | F12: }] | G12: =B12&C12&D12&E12&F12 -> [{ "key":14,"value":100}]
A13: =Sheet1!A15 -> 2002 | B13: [{ "key": | C13: 14 | D13: ,"value": | E13: 110 | F13: }] | G13: =B13&C13&D13&E13&F13 -> [{ "key":14,"value":110}]
... A81: =Sheet1!A83 -> 8010 | B81: [{ "key": | C81: 36 | D81: ,"value": | E81: 100 | F81: }] | G81: =B81&C81&D81&E81&F81 -> [{ "key":36,"value":100}]

Sheet Sheet3
